optimized_date,parent_merchant,panel_sales,transaction_count
4/3/2013,papa_john,57880.92,2491
4/4/2013,papa_john,65779.46,2823
4/5/2013,papa_john,81666.26,3311
4/6/2013,papa_john,18759.64,700
4/7/2013,papa_john,12448.69,507
4/8/2013,papa_john,249699.48,9991
4/9/2013,papa_john,64125.6,2837
4/10/2013,papa_john,49024.64,2132
4/11/2013,papa_john,56318.05,2451
4/12/2013,papa_john,73703.61,3071
4/13/2013,papa_john,16189.34,627
4/14/2013,papa_john,11418.15,468
4/15/2013,papa_john,265325.17,10614
4/16/2013,papa_john,61327.47,2659
4/17/2013,papa_john,49409.26,2187
4/18/2013,papa_john,57456.95,2521
4/19/2013,papa_john,35342.28,1459
4/20/2013,papa_john,16065.93,602
4/21/2013,papa_john,12821.84,533
4/22/2013,papa_john,283182.95,11548
4/23/2013,papa_john,58836.77,2666
4/24/2013,papa_john,50499.43,2257
4/25/2013,papa_john,59188.47,2529
4/26/2013,papa_john,59057.74,2502
4/27/2013,papa_john,18681.95,713
4/28/2013,papa_john,12291.99,510
4/29/2013,papa_john,265148.87,10585
4/30/2013,papa_john,61142.33,2609
5/1/2013,papa_john,64002.95,2674
5/2/2013,papa_john,65514.18,2753
5/3/2013,papa_john,81783.6,3247
5/4/2013,papa_john,17241.47,639
5/5/2013,papa_john,11223.84,446
5/6/2013,papa_john,243515.47,9573
5/7/2013,papa_john,60335.36,2614
5/8/2013,papa_john,51494.64,2212
5/9/2013,papa_john,57167.27,2432
5/10/2013,papa_john,75367.55,2987
5/11/2013,papa_john,18590.58,687
5/12/2013,papa_john,13562.21,542
5/13/2013,papa_john,225626.24,9026
5/14/2013,papa_john,71921.77,3001
5/15/2013,papa_john,61014.8,2582
5/16/2013,papa_john,61972.66,2594
5/17/2013,papa_john,76814.88,3155
5/18/2013,papa_john,18575.27,654
5/19/2013,papa_john,11232.46,441
5/20/2013,papa_john,245451.93,9723
5/21/2013,papa_john,60720.88,2627
5/22/2013,papa_john,53900.47,2344
5/23/2013,papa_john,59086.41,2471
5/24/2013,papa_john,79542.32,3181
5/25/2013,papa_john,14758.56,562
5/26/2013,papa_john,11810.12,462
5/27/2013,papa_john,17894.64,710
5/28/2013,papa_john,267502.15,10636
5/29/2013,papa_john,64237.83,2682
5/30/2013,papa_john,57398.6,2415
5/31/2013,papa_john,93491.3,3620
6/1/2013,papa_john,16119.68,590
6/2/2013,papa_john,11512.44,451
6/3/2013,papa_john,267641.62,10388
6/4/2013,papa_john,66327.41,2769
6/5/2013,papa_john,56044.09,2305
6/6/2013,papa_john,61571.26,2514
6/7/2013,papa_john,87893.06,3479
6/8/2013,papa_john,14834.72,562
6/9/2013,papa_john,13850.62,519
6/10/2013,papa_john,235357.2,9238
6/11/2013,papa_john,61068.97,2606
6/12/2013,papa_john,57561.43,2405
6/13/2013,papa_john,59933.83,2463
6/14/2013,papa_john,93138.48,3653
6/15/2013,papa_john,13337.27,504
6/16/2013,papa_john,10319.96,397
6/17/2013,papa_john,226539.8,8776
6/18/2013,papa_john,61792.86,2626
6/19/2013,papa_john,61020.14,2608
6/20/2013,papa_john,63908.17,2633
6/21/2013,papa_john,65007.45,2692
6/22/2013,papa_john,16984.04,618
6/23/2013,papa_john,12100.16,476
6/24/2013,papa_john,237982.21,9303
6/25/2013,papa_john,58604.8,2508
6/26/2013,papa_john,56771.91,2416
6/27/2013,papa_john,61244,2532
6/28/2013,papa_john,76668.86,3130
6/29/2013,papa_john,15820.97,602
6/30/2013,papa_john,12775.06,523
7/1/2013,papa_john,259748,10204
7/2/2013,papa_john,63218.48,2684
7/3/2013,papa_john,62034.9,2612
7/4/2013,papa_john,10368.35,403
7/5/2013,papa_john,115807.71,4743
7/6/2013,papa_john,14020.22,546
7/7/2013,papa_john,11026.24,466
7/8/2013,papa_john,206209.81,8399
7/9/2013,papa_john,58625.78,2511
7/10/2013,papa_john,51244.9,2213
7/11/2013,papa_john,56054.33,2384
7/12/2013,papa_john,70910.82,2917
7/13/2013,papa_john,13670.44,524
7/14/2013,papa_john,11502.88,469
7/15/2013,papa_john,247326.42,9670
7/16/2013,papa_john,62848.98,2683
7/17/2013,papa_john,54566.39,2350
7/18/2013,papa_john,57293.56,2411
7/19/2013,papa_john,55286.22,2336
7/20/2013,papa_john,15562.06,611
7/21/2013,papa_john,11551.85,493
7/22/2013,papa_john,226544.26,9121
7/23/2013,papa_john,60246.8,2542
7/24/2013,papa_john,49923.71,2099
7/25/2013,papa_john,57585.66,2394
7/26/2013,papa_john,68857.9,2722
7/27/2013,papa_john,19253.51,697
7/28/2013,papa_john,11871.12,463
7/29/2013,papa_john,202530.72,8206
7/30/2013,papa_john,57362.11,2447
7/31/2013,papa_john,54393.8,2374
8/1/2013,papa_john,77276.79,3223
8/2/2013,papa_john,76188.27,3032
8/3/2013,papa_john,16535.78,630
8/4/2013,papa_john,12947.99,505
8/5/2013,papa_john,220909.71,8675
8/6/2013,papa_john,59770.73,2577
8/7/2013,papa_john,53154.56,2324
8/8/2013,papa_john,58916.73,2566
8/9/2013,papa_john,74184.26,3137
8/10/2013,papa_john,17320.37,688
8/11/2013,papa_john,13075.83,528
8/12/2013,papa_john,226924.34,9353
8/13/2013,papa_john,57794.47,2583
8/14/2013,papa_john,54637.27,2402
8/15/2013,papa_john,71064.05,3018
8/16/2013,papa_john,82248.12,3384
8/17/2013,papa_john,15297.02,613
8/18/2013,papa_john,13674.64,566
8/19/2013,papa_john,247434.81,10155
8/20/2013,papa_john,60848.19,2640
8/21/2013,papa_john,55174.98,2394
8/22/2013,papa_john,55196.48,2353
8/23/2013,papa_john,74779.07,3085
8/24/2013,papa_john,19362.71,701
8/25/2013,papa_john,12126.44,490
8/26/2013,papa_john,229822.71,9277
8/27/2013,papa_john,53588.68,2358
8/28/2013,papa_john,51984.5,2258
8/29/2013,papa_john,57098.98,2470
8/30/2013,papa_john,100613.76,4092
8/31/2013,papa_john,14647.86,563
9/1/2013,papa_john,13804.37,524
9/2/2013,papa_john,15284.02,623
9/3/2013,papa_john,314837.14,12517
9/4/2013,papa_john,64194.07,2711
9/5/2013,papa_john,50253.93,2193
9/6/2013,papa_john,81533.96,3322
9/7/2013,papa_john,19966.27,769
9/8/2013,papa_john,16698.63,661
9/9/2013,papa_john,266263.49,10495
9/10/2013,papa_john,61654.73,2732
9/11/2013,papa_john,53488.7,2348
9/12/2013,papa_john,56311.49,2507
9/13/2013,papa_john,89335.75,3703
9/14/2013,papa_john,20268.05,797
9/15/2013,papa_john,15125.17,624
9/16/2013,papa_john,295577.05,11618
9/17/2013,papa_john,61663.67,2822
9/18/2013,papa_john,53319.95,2393
9/19/2013,papa_john,55378.42,2490
9/20/2013,papa_john,78397.41,3262
9/21/2013,papa_john,19546.08,750
9/22/2013,papa_john,13852.9,572
9/23/2013,papa_john,261809.03,10679
9/24/2013,papa_john,59637.67,2698
9/25/2013,papa_john,48657.17,2202
9/26/2013,papa_john,56108.5,2454
9/27/2013,papa_john,74005.03,3190
9/28/2013,papa_john,23680.56,885
9/29/2013,papa_john,17043.91,688
9/30/2013,papa_john,258600.4,10560
10/1/2013,papa_john,74265.65,3224
10/2/2013,papa_john,56404.15,2411
10/3/2013,papa_john,62566.73,2659
10/4/2013,papa_john,80584.03,3262
10/5/2013,papa_john,18486.46,673
10/6/2013,papa_john,16099.63,627
10/7/2013,papa_john,273963.1,10689
10/8/2013,papa_john,63197.12,2763
10/9/2013,papa_john,54403.52,2297
10/10/2013,papa_john,61804.3,2635
10/11/2013,papa_john,82876.04,3349
10/12/2013,papa_john,17661.7,644
10/13/2013,papa_john,14419.61,570
10/14/2013,papa_john,15251.36,612
10/15/2013,papa_john,353685.48,13743
10/16/2013,papa_john,67935.1,2924
10/17/2013,papa_john,59126.17,2536
10/18/2013,papa_john,22365.72,884
10/19/2013,papa_john,22817.47,797
10/20/2013,papa_john,16735.28,631
10/21/2013,papa_john,331520.39,13004
10/22/2013,papa_john,60381.48,2581
10/23/2013,papa_john,53427.19,2296
10/24/2013,papa_john,55035.05,2343
10/25/2013,papa_john,79151.3,3183
10/26/2013,papa_john,19305.33,730
10/27/2013,papa_john,17209.55,669
10/28/2013,papa_john,265994.48,10391
10/29/2013,papa_john,66939.56,2868
10/30/2013,papa_john,51525.49,2209
10/31/2013,papa_john,72421.27,2905
11/1/2013,papa_john,160927.82,5729
11/2/2013,papa_john,17871.11,674
11/3/2013,papa_john,14380.93,566
11/4/2013,papa_john,274311,10621
11/5/2013,papa_john,65767.08,2797
11/6/2013,papa_john,51786.36,2308
11/7/2013,papa_john,59096.42,2575
11/8/2013,papa_john,82665.35,3411
11/9/2013,papa_john,18963.45,732
11/10/2013,papa_john,17234.48,641
11/11/2013,papa_john,16290.68,670
11/12/2013,papa_john,306802.65,12371
11/13/2013,papa_john,63855.96,2808
11/14/2013,papa_john,55684.07,2483
11/15/2013,papa_john,88011.88,3582
11/16/2013,papa_john,19907.9,751
11/17/2013,papa_john,14526.53,578
11/18/2013,papa_john,295400.63,11708
11/19/2013,papa_john,59691.08,2682
11/20/2013,papa_john,59104.31,2628
11/21/2013,papa_john,60333.57,2715
11/22/2013,papa_john,83495.34,3453
11/23/2013,papa_john,20706.37,795
11/24/2013,papa_john,16165.72,639
11/25/2013,papa_john,285000.8,11303
11/26/2013,papa_john,72131.95,3075
11/27/2013,papa_john,73945.84,2993
11/28/2013,papa_john,4372.71,173
11/29/2013,papa_john,113923.3,4383
11/30/2013,papa_john,17037.34,591
12/1/2013,papa_john,14758.82,584
12/2/2013,papa_john,262403.6,10217
12/3/2013,papa_john,68498.38,2922
12/4/2013,papa_john,62230.56,2682
12/5/2013,papa_john,68827.36,2964
12/6/2013,papa_john,84893.68,3419
12/7/2013,papa_john,22171.37,820
12/8/2013,papa_john,16657.79,658
12/9/2013,papa_john,289217.48,11259
12/10/2013,papa_john,72048.1,3056
12/11/2013,papa_john,63928.56,2702
12/12/2013,papa_john,51094.77,2183
12/13/2013,papa_john,113273.48,4454
12/14/2013,papa_john,21837.01,826
12/15/2013,papa_john,16404.4,633
12/16/2013,papa_john,310354.25,11711
12/17/2013,papa_john,72201.37,2992
12/18/2013,papa_john,63970.21,2700
12/19/2013,papa_john,68661.57,2889
12/20/2013,papa_john,87900.07,3435
12/21/2013,papa_john,18443.07,690
12/22/2013,papa_john,13438.69,497
12/23/2013,papa_john,251118.81,9573
12/24/2013,papa_john,80073.59,3223
12/25/2013,papa_john,4139.45,168
12/26/2013,papa_john,66115.23,2454
12/27/2013,papa_john,73170.93,2843
12/28/2013,papa_john,17225.56,625
12/29/2013,papa_john,15396.02,587
12/30/2013,papa_john,224533.51,8522
12/31/2013,papa_john,96745.74,3771
1/1/2014,papa_john,14927.54,563
1/2/2014,papa_john,181976.3,6803
1/3/2014,papa_john,86191.04,3420
1/4/2014,papa_john,17612.65,662
1/5/2014,papa_john,13770.72,550
1/6/2014,papa_john,262373.33,10229
1/7/2014,papa_john,74503.86,3039
1/8/2014,papa_john,56792.21,2344
1/9/2014,papa_john,59287.84,2451
1/10/2014,papa_john,74055.05,3006
1/11/2014,papa_john,23976.45,923
1/12/2014,papa_john,16096.42,626
1/13/2014,papa_john,289244.36,11263
1/14/2014,papa_john,57093.39,2387
1/15/2014,papa_john,62906.22,2549
1/16/2014,papa_john,65146.97,2728
1/17/2014,papa_john,82210.36,3282
1/18/2014,papa_john,20123.29,745
1/19/2014,papa_john,17646.26,639
1/20/2014,papa_john,16945.96,658
1/21/2014,papa_john,337006.2,13094
1/22/2014,papa_john,69756.33,2839
1/23/2014,papa_john,58004.39,2445
1/24/2014,papa_john,81926.79,3259
1/25/2014,papa_john,20667.22,745
1/26/2014,papa_john,13612.62,529
1/27/2014,papa_john,273027,10525
1/28/2014,papa_john,61053.59,2505
1/29/2014,papa_john,56066.31,2230
1/30/2014,papa_john,63624.02,2534
1/31/2014,papa_john,102486.87,3836
2/1/2014,papa_john,19682.56,680
2/2/2014,papa_john,23662.81,799
2/3/2014,papa_john,371760.42,13098
2/4/2014,papa_john,65165.5,2624
2/5/2014,papa_john,59808.09,2457
2/6/2014,papa_john,60524.21,2439
2/7/2014,papa_john,79782.74,3102
2/8/2014,papa_john,21428.96,800
2/9/2014,papa_john,14326.42,549
2/10/2014,papa_john,275682.36,10447
2/11/2014,papa_john,65120.59,2649
2/12/2014,papa_john,63809.88,2535
2/13/2014,papa_john,69140.35,2684
2/14/2014,papa_john,93997.78,3529
2/15/2014,papa_john,20048.75,733
2/16/2014,papa_john,14556.51,503
2/17/2014,papa_john,16342.79,603
2/18/2014,papa_john,380532.09,14058
2/19/2014,papa_john,72346.35,2879
2/20/2014,papa_john,61657.49,2495
2/21/2014,papa_john,83207.7,3215
2/22/2014,papa_john,20559.63,737
2/23/2014,papa_john,13417.49,510
2/24/2014,papa_john,294030.16,10905
2/25/2014,papa_john,66694.25,2676
2/26/2014,papa_john,63514.16,2498
2/27/2014,papa_john,71922.85,2879
2/28/2014,papa_john,102837.46,3906
3/1/2014,papa_john,19713.4,683
3/2/2014,papa_john,15862.18,542
3/3/2014,papa_john,329228.78,12067
3/4/2014,papa_john,73792.08,2936
3/5/2014,papa_john,66715.48,2645
3/6/2014,papa_john,65610.43,2592
3/7/2014,papa_john,86187.8,3333
3/8/2014,papa_john,21380.6,819
3/9/2014,papa_john,13423.5,523
3/10/2014,papa_john,286880.09,10536
3/11/2014,papa_john,63741.95,2557
3/12/2014,papa_john,58206.4,2302
3/13/2014,papa_john,51790.73,2103
3/14/2014,papa_john,113913.79,4259
3/15/2014,papa_john,20149.28,739
3/16/2014,papa_john,16136.34,590
3/17/2014,papa_john,302016.67,11102
3/18/2014,papa_john,66875.55,2636
3/19/2014,papa_john,56184.08,2250
3/20/2014,papa_john,61940.95,2534
3/21/2014,papa_john,83743.25,3197
3/22/2014,papa_john,18605.82,667
3/23/2014,papa_john,14507.13,544
3/24/2014,papa_john,274117.74,10276
3/25/2014,papa_john,60833.07,2392
3/26/2014,papa_john,61263.74,2430
3/27/2014,papa_john,67064.45,2658
3/28/2014,papa_john,87903.4,3429
3/29/2014,papa_john,25106.92,884
3/30/2014,papa_john,16655.35,617
3/31/2014,papa_john,287125.86,10638
4/1/2014,papa_john,74009.22,2986
4/2/2014,papa_john,65930.93,2686
4/3/2014,papa_john,65557.81,2595
4/4/2014,papa_john,88721.46,3419
4/5/2014,papa_john,19467.67,698
4/6/2014,papa_john,16857.02,638
4/7/2014,papa_john,292532.09,11097
4/8/2014,papa_john,73771.68,2973
4/9/2014,papa_john,58509.49,2395
4/10/2014,papa_john,60672.32,2541
4/11/2014,papa_john,25091.68,969
4/12/2014,papa_john,21456.65,756
4/13/2014,papa_john,14019.1,550
4/14/2014,papa_john,327324.07,12656
4/15/2014,papa_john,74222.24,3035
4/16/2014,papa_john,70306.44,2788
4/17/2014,papa_john,72983.75,2987
4/18/2014,papa_john,91650.35,3561
4/19/2014,papa_john,19310.91,717
4/20/2014,papa_john,12273.78,460
4/21/2014,papa_john,248394.14,9451
4/22/2014,papa_john,68809.98,2850
4/23/2014,papa_john,57344.92,2347
4/24/2014,papa_john,19229.09,790
4/25/2014,papa_john,132503.53,5272
4/26/2014,papa_john,23634.49,841
4/27/2014,papa_john,15837.07,572
4/28/2014,papa_john,276671.92,10472
4/29/2014,papa_john,65785.08,2710
4/30/2014,papa_john,63592.24,2550
5/1/2014,papa_john,88849.94,3506
5/2/2014,papa_john,87997.38,3444
5/3/2014,papa_john,21147.09,767
5/4/2014,papa_john,15693.64,599
5/5/2014,papa_john,283361.16,10513
5/6/2014,papa_john,62465.74,2550
5/7/2014,papa_john,59770.63,2403
5/8/2014,papa_john,64178.12,2568
5/9/2014,papa_john,95590.07,3746
5/10/2014,papa_john,22073.98,804
5/11/2014,papa_john,16025.43,595
5/12/2014,papa_john,267471.56,10222
5/13/2014,papa_john,64128.28,2685
5/14/2014,papa_john,56663.31,2331
5/15/2014,papa_john,76578.47,3105
5/16/2014,papa_john,91234.01,3473
5/17/2014,papa_john,19369.15,692
5/18/2014,papa_john,14144.06,514
5/19/2014,papa_john,265198.86,9922
5/20/2014,papa_john,28725.48,1157
5/21/2014,papa_john,98475.54,3991
5/22/2014,papa_john,67187.41,2763
5/23/2014,papa_john,89801.75,3353
5/24/2014,papa_john,20678.11,741
5/25/2014,papa_john,16030.2,583
5/26/2014,papa_john,17380.56,659
5/27/2014,papa_john,296955.56,11245
5/28/2014,papa_john,77330.9,3145
5/29/2014,papa_john,64539.37,2567
5/30/2014,papa_john,103467.34,3958
5/31/2014,papa_john,19431.34,706
6/1/2014,papa_john,14715.18,552
6/2/2014,papa_john,297072.6,11059
6/3/2014,papa_john,68245.96,2758
6/4/2014,papa_john,62375.16,2495
6/5/2014,papa_john,67214.43,2682
6/6/2014,papa_john,95094.23,3679
6/7/2014,papa_john,22443.65,793
6/8/2014,papa_john,16031.44,615
6/9/2014,papa_john,268564.15,10080
6/10/2014,papa_john,68876.57,2691
6/11/2014,papa_john,51395.52,2149
6/12/2014,papa_john,84637.63,3261
6/13/2014,papa_john,108618.34,4041
6/14/2014,papa_john,20800.06,717
6/15/2014,papa_john,13905.71,532
6/16/2014,papa_john,271959.15,10201
6/17/2014,papa_john,75126.44,2957
6/18/2014,papa_john,65256.41,2604
6/19/2014,papa_john,67075.2,2635
6/20/2014,papa_john,85243.95,3231
6/21/2014,papa_john,19681.45,698
6/22/2014,papa_john,16752.16,576
6/23/2014,papa_john,261163.31,9655
6/24/2014,papa_john,69169.87,2725
6/25/2014,papa_john,60893.26,2446
6/26/2014,papa_john,63905.37,2524
6/27/2014,papa_john,84394.28,3226
6/28/2014,papa_john,22355.75,815
6/29/2014,papa_john,16429.33,623
6/30/2014,papa_john,240831.88,9153
7/1/2014,papa_john,79086.68,3107
7/2/2014,papa_john,70709.19,2762
7/3/2014,papa_john,82550.12,3203
7/4/2014,papa_john,12719.86,475
7/5/2014,papa_john,13254.39,479
7/6/2014,papa_john,14992.58,577
7/7/2014,papa_john,268161.28,10335
7/8/2014,papa_john,73929.53,3010
7/9/2014,papa_john,60915.27,2490
7/10/2014,papa_john,63662.51,2549
7/11/2014,papa_john,78229.18,3053
7/12/2014,papa_john,17855.94,677
7/13/2014,papa_john,15323.66,576
7/14/2014,papa_john,247958.36,9539
7/15/2014,papa_john,76802.29,3044
7/16/2014,papa_john,65851.49,2652
7/17/2014,papa_john,64113.52,2496
7/18/2014,papa_john,78211.73,3034
7/19/2014,papa_john,18170.98,640
7/20/2014,papa_john,14029.05,524
7/21/2014,papa_john,238721.01,9122
7/22/2014,papa_john,63333.68,2587
7/23/2014,papa_john,54202.3,2246
7/24/2014,papa_john,61969.67,2462
7/25/2014,papa_john,75356.51,2922
7/26/2014,papa_john,20112.66,680
7/27/2014,papa_john,14578.43,546
7/28/2014,papa_john,230644.74,8849
7/29/2014,papa_john,59081.69,2366
7/30/2014,papa_john,63339.91,2488
7/31/2014,papa_john,68467.52,2690
8/1/2014,papa_john,98576.17,3745
8/2/2014,papa_john,17945.99,633
8/3/2014,papa_john,15875.07,580
8/4/2014,papa_john,265524.75,9937
8/5/2014,papa_john,65121.15,2618
8/6/2014,papa_john,62091.39,2490
8/7/2014,papa_john,68067.98,2715
8/8/2014,papa_john,85199.74,3244
8/9/2014,papa_john,19385.96,689
8/10/2014,papa_john,15756.58,572
8/11/2014,papa_john,256270.2,9777
8/12/2014,papa_john,63645.66,2550
8/13/2014,papa_john,59434.99,2402
8/14/2014,papa_john,18227.94,755
8/15/2014,papa_john,138188.66,5284
8/16/2014,papa_john,17739.11,619
8/17/2014,papa_john,14698.45,546
8/18/2014,papa_john,281967.48,10499
8/19/2014,papa_john,66805.37,2719
8/20/2014,papa_john,58877.18,2407
8/21/2014,papa_john,64173.46,2597
8/22/2014,papa_john,81596.54,3132
8/23/2014,papa_john,23234.32,819
8/24/2014,papa_john,15823.58,582
8/25/2014,papa_john,264282.97,9990
8/26/2014,papa_john,58752.04,2456
8/27/2014,papa_john,55744.58,2318
8/28/2014,papa_john,63340.07,2601
8/29/2014,papa_john,104852.71,4047
8/30/2014,papa_john,19161.02,700
8/31/2014,papa_john,17144.57,612
9/1/2014,papa_john,16905.26,643
9/2/2014,papa_john,343844.29,12977
9/3/2014,papa_john,73437.31,3039
9/4/2014,papa_john,55915.01,2280
9/5/2014,papa_john,89421.8,3499
9/6/2014,papa_john,21683.94,814
9/7/2014,papa_john,19309.5,728
9/8/2014,papa_john,292722,11176
9/9/2014,papa_john,64897.36,2718
9/10/2014,papa_john,52085.26,2219
9/11/2014,papa_john,56222.38,2312
9/12/2014,papa_john,77137.62,3052
9/13/2014,papa_john,22211.22,809
9/14/2014,papa_john,17414.33,682
9/15/2014,papa_john,328119,12416
9/16/2014,papa_john,67906.79,2914
9/17/2014,papa_john,53157.48,2199
9/18/2014,papa_john,59734.86,2491
9/19/2014,papa_john,80988.1,3224
9/20/2014,papa_john,20784.98,776
9/21/2014,papa_john,17411.7,664
9/22/2014,papa_john,276168.17,10743
9/23/2014,papa_john,59222.18,2561
9/24/2014,papa_john,52945.4,2241
9/25/2014,papa_john,54078.18,2277
9/26/2014,papa_john,81923.71,3268
9/27/2014,papa_john,22107.41,854
9/28/2014,papa_john,17566.63,661
9/29/2014,papa_john,270659.55,10548
9/30/2014,papa_john,68534.08,2918
10/1/2014,papa_john,71397.06,2824
10/2/2014,papa_john,69361.99,2689
10/3/2014,papa_john,85992.34,3368
10/4/2014,papa_john,21764,766
10/5/2014,papa_john,17440.76,633
10/6/2014,papa_john,287198.95,10765
10/7/2014,papa_john,65533.21,2753
10/8/2014,papa_john,54856.63,2233
10/9/2014,papa_john,58871.28,2405
10/10/2014,papa_john,85402.65,3314
10/11/2014,papa_john,23505.34,866
10/12/2014,papa_john,20117.25,732
10/13/2014,papa_john,16712.56,636
10/14/2014,papa_john,320287.59,12179
10/15/2014,papa_john,78539.57,3110
10/16/2014,papa_john,67468.82,2582
10/17/2014,papa_john,21602.18,821
10/18/2014,papa_john,21288.38,760
10/19/2014,papa_john,17629.35,649
10/20/2014,papa_john,347126.99,13152
10/21/2014,papa_john,67127.33,2806
10/22/2014,papa_john,57314.16,2371
10/23/2014,papa_john,57085.23,2323
10/24/2014,papa_john,82939.21,3237
10/25/2014,papa_john,20355.36,739
10/26/2014,papa_john,18874.16,680
10/27/2014,papa_john,282946.26,10720
10/28/2014,papa_john,65170.66,2692
10/29/2014,papa_john,60241.68,2437
10/30/2014,papa_john,65967.14,2620
10/31/2014,papa_john,111344.71,4115
11/1/2014,papa_john,24218.12,777
11/2/2014,papa_john,16700.78,605
11/3/2014,papa_john,367303.31,12934
11/4/2014,papa_john,73092.83,2941
11/5/2014,papa_john,59602.23,2439
11/6/2014,papa_john,18135.08,763
11/7/2014,papa_john,129909.53,5103
11/8/2014,papa_john,22103.86,779
11/9/2014,papa_john,18067.63,665
11/10/2014,papa_john,289531.61,10871
11/11/2014,papa_john,14139.49,558
11/12/2014,papa_john,110581.71,4551
11/13/2014,papa_john,78926.65,3153
11/14/2014,papa_john,96772.8,3709
11/15/2014,papa_john,24575.49,837
11/16/2014,papa_john,17908.8,670
11/17/2014,papa_john,326175.88,12102
11/18/2014,papa_john,69891.63,2885
11/19/2014,papa_john,57722.99,2351
11/20/2014,papa_john,63342.63,2586
11/21/2014,papa_john,87994.03,3355
11/22/2014,papa_john,24116.49,855
11/23/2014,papa_john,18103.89,659
11/24/2014,papa_john,305497.58,11441
11/25/2014,papa_john,74802.03,3014
11/26/2014,papa_john,76184.71,2926
11/27/2014,papa_john,7462.01,255
11/28/2014,papa_john,105763.53,3880
11/29/2014,papa_john,18523.44,671
11/30/2014,papa_john,16930.9,637
12/1/2014,papa_john,301774.86,11144
12/2/2014,papa_john,78996.39,3245
12/3/2014,papa_john,52449.84,2147
12/4/2014,papa_john,87550.92,3494
12/5/2014,papa_john,92169.38,3601
12/6/2014,papa_john,21480.73,771
12/7/2014,papa_john,18714.27,692
12/8/2014,papa_john,309873.66,11625
12/9/2014,papa_john,74684.19,3114
12/10/2014,papa_john,64147.9,2588
12/11/2014,papa_john,66949.05,2723
12/12/2014,papa_john,90472.81,3474
12/13/2014,papa_john,22401.2,815
12/14/2014,papa_john,19204.97,686
12/15/2014,papa_john,335959.3,12350
12/16/2014,papa_john,77252.54,3154
12/17/2014,papa_john,63713.65,2564
12/18/2014,papa_john,74343.55,2906
12/19/2014,papa_john,92233.53,3440
12/20/2014,papa_john,24296.83,840
12/21/2014,papa_john,17489.08,628
12/22/2014,papa_john,281099.16,10365
12/23/2014,papa_john,93068.91,3591
12/24/2014,papa_john,74327.49,2744
12/25/2014,papa_john,6234.38,207
12/26/2014,papa_john,74912.26,2655
12/27/2014,papa_john,15405.01,540
12/28/2014,papa_john,15152.77,543
12/29/2014,papa_john,237310.27,8767
12/30/2014,papa_john,81786.94,3217
12/31/2014,papa_john,98374.21,3651
1/1/2015,papa_john,17821.28,653
1/2/2015,papa_john,188316.29,6841
1/3/2015,papa_john,20002.71,730
1/4/2015,papa_john,15292.38,587
1/5/2015,papa_john,303637.81,11540
1/6/2015,papa_john,65552.53,2767
1/7/2015,papa_john,55202.43,2246
1/8/2015,papa_john,61681.32,2534
1/9/2015,papa_john,82428.28,3272
1/10/2015,papa_john,22400.71,831
1/11/2015,papa_john,20018.53,730
1/12/2015,papa_john,321474.68,12301
1/13/2015,papa_john,76172.18,3140
1/14/2015,papa_john,54215.34,2234
1/15/2015,papa_john,75583.4,3047
1/16/2015,papa_john,89262.32,3589
1/17/2015,papa_john,19007.21,701
1/18/2015,papa_john,21242.03,789
1/19/2015,papa_john,19900.82,758
1/20/2015,papa_john,355509.06,13673
1/21/2015,papa_john,70606.74,2890
1/22/2015,papa_john,55343.57,2274
1/23/2015,papa_john,78734.85,3121
1/24/2015,papa_john,22331.05,822
1/25/2015,papa_john,15793.04,593
1/26/2015,papa_john,271191.73,10384
1/27/2015,papa_john,60608.29,2490
1/28/2015,papa_john,54841.32,2256
1/29/2015,papa_john,62200.02,2517
1/30/2015,papa_john,102239.5,3796
1/31/2015,papa_john,19956.33,704
2/1/2015,papa_john,25947.75,838
2/2/2015,papa_john,404474.17,14065
2/3/2015,papa_john,73079.94,2803
2/4/2015,papa_john,57033.53,2265
2/5/2015,papa_john,69782.42,2804
2/6/2015,papa_john,85566.12,3281
2/7/2015,papa_john,20870.21,764
2/8/2015,papa_john,16600.28,598
2/9/2015,papa_john,304290.74,11176
2/10/2015,papa_john,69714.06,2788
2/11/2015,papa_john,65257.41,2613
2/12/2015,papa_john,71111.65,2809
2/13/2015,papa_john,104932.86,3980
2/14/2015,papa_john,22616.96,822
2/15/2015,papa_john,16910.49,606
2/16/2015,papa_john,20042.65,721
2/17/2015,papa_john,408285.93,14881
2/18/2015,papa_john,85991.44,3303
2/19/2015,papa_john,72747.47,2800
2/20/2015,papa_john,92539.64,3452
2/21/2015,papa_john,21765.76,788
2/22/2015,papa_john,17199.38,616
2/23/2015,papa_john,308721.68,11168
2/24/2015,papa_john,71896.35,2816
2/25/2015,papa_john,68672.39,2695
2/26/2015,papa_john,79334.58,3048
2/27/2015,papa_john,111550.65,4076
2/28/2015,papa_john,21947.86,788
3/1/2015,papa_john,18217.95,656
3/2/2015,papa_john,339242.15,12154
3/3/2015,papa_john,73182.81,2870
3/4/2015,papa_john,64678.82,2550
3/5/2015,papa_john,74989.84,2937
3/6/2015,papa_john,86776.4,3214
3/7/2015,papa_john,21514.27,736
3/8/2015,papa_john,17292.13,625
3/9/2015,papa_john,312103.61,11260
3/10/2015,papa_john,68852.66,2729
3/11/2015,papa_john,64870.04,2503
3/12/2015,papa_john,71031.16,2725
3/13/2015,papa_john,93109.25,3428
3/14/2015,papa_john,21103.92,733
3/15/2015,papa_john,15831.31,575
3/16/2015,papa_john,316898.12,11288
3/17/2015,papa_john,65673.36,2582
3/18/2015,papa_john,59919.51,2330
3/19/2015,papa_john,69443.46,2690
3/20/2015,papa_john,92229.44,3426
3/21/2015,papa_john,20205.6,705
3/22/2015,papa_john,16184.53,580
3/23/2015,papa_john,285929.08,10392
3/24/2015,papa_john,63288.77,2503
3/25/2015,papa_john,60515.86,2402
3/26/2015,papa_john,67341.98,2558
3/27/2015,papa_john,90455.83,3390
3/28/2015,papa_john,24752.83,820
3/29/2015,papa_john,18436.26,643
3/30/2015,papa_john,295694.86,10877
3/31/2015,papa_john,69553.78,2779
4/1/2015,papa_john,72814.71,2791
4/2/2015,papa_john,47628.18,1857
4/3/2015,papa_john,127112.27,4818
4/4/2015,papa_john,19371.29,709
4/5/2015,papa_john,13833.09,519
4/6/2015,papa_john,263741.44,9709
4/7/2015,papa_john,73174.34,2944
4/8/2015,papa_john,61445.89,2467
4/9/2015,papa_john,66502.48,2713
4/10/2015,papa_john,86454.97,3335
4/11/2015,papa_john,19733.06,706
4/12/2015,papa_john,16316.5,577
4/13/2015,papa_john,289844.16,10863
4/14/2015,papa_john,66348.31,2670
4/15/2015,papa_john,70214.62,2848
4/16/2015,papa_john,43320,1779
4/17/2015,papa_john,53692.88,2133
4/18/2015,papa_john,22708.97,832
4/19/2015,papa_john,17616.43,665
4/20/2015,papa_john,379914.54,14318
4/21/2015,papa_john,68775.11,2826
4/22/2015,papa_john,18498.06,752
4/23/2015,papa_john,109789.89,4382
4/24/2015,papa_john,91974.02,3473
4/25/2015,papa_john,22961.63,829
4/26/2015,papa_john,17237.87,615
4/27/2015,papa_john,298283.18,11006
4/28/2015,papa_john,69033.95,2810
4/29/2015,papa_john,65632.9,2709
4/30/2015,papa_john,73200.26,2882
5/1/2015,papa_john,108923.24,4216
5/2/2015,papa_john,23728.76,798
5/3/2015,papa_john,18459.52,651
5/4/2015,papa_john,318754.34,11538
5/5/2015,papa_john,69088.86,2720
5/6/2015,papa_john,60236.6,2449
5/7/2015,papa_john,70279.27,2821
5/8/2015,papa_john,89791.48,3509
5/9/2015,papa_john,23039.97,775
5/10/2015,papa_john,16460.88,601
5/11/2015,papa_john,288114.68,10492
5/12/2015,papa_john,66404.88,2717
5/13/2015,papa_john,59596.29,2414
5/14/2015,papa_john,66417.28,2638
5/15/2015,papa_john,94632.73,3612
5/16/2015,papa_john,21880.25,777
5/17/2015,papa_john,15971.73,605
5/18/2015,papa_john,294219.74,10824
5/19/2015,papa_john,70918.6,2795
5/20/2015,papa_john,62618.7,2481
5/21/2015,papa_john,73222.41,2826
5/22/2015,papa_john,94863.85,3574
5/23/2015,papa_john,22396.67,768
5/24/2015,papa_john,16038.35,581
5/25/2015,papa_john,21031.09,801
5/26/2015,papa_john,315960.35,11529
5/27/2015,papa_john,73932.56,2839
5/28/2015,papa_john,65910.07,2536
5/29/2015,papa_john,88847.59,3271
5/30/2015,papa_john,23047.73,770
5/31/2015,papa_john,18270.85,638
6/1/2015,papa_john,325201.68,11617
6/2/2015,papa_john,75711.61,2952
6/3/2015,papa_john,69768.27,2675
6/4/2015,papa_john,73107.91,2780
6/5/2015,papa_john,98819.71,3675
6/6/2015,papa_john,21887.5,726
6/7/2015,papa_john,17124.48,620
6/8/2015,papa_john,282790.38,10210
6/9/2015,papa_john,72651.49,2846
6/10/2015,papa_john,66692.28,2569
6/11/2015,papa_john,74266.08,2750
6/12/2015,papa_john,87795.78,3265
6/13/2015,papa_john,21905.69,735
6/14/2015,papa_john,18261.48,672
6/15/2015,papa_john,296621.11,10603
6/16/2015,papa_john,77678.85,2979
6/17/2015,papa_john,69916.7,2593
6/18/2015,papa_john,77571.09,2955
6/19/2015,papa_john,91113.08,3336
6/20/2015,papa_john,19006.33,639
6/21/2015,papa_john,16995.9,573
6/22/2015,papa_john,252970.9,9160
6/23/2015,papa_john,69978.78,2763
6/24/2015,papa_john,65486.69,2575
6/25/2015,papa_john,71062.27,2661
6/26/2015,papa_john,83274.39,3118
6/27/2015,papa_john,23225.92,826
6/28/2015,papa_john,16986.17,614
6/29/2015,papa_john,262449.55,9568
6/30/2015,papa_john,71401.72,2767
7/1/2015,papa_john,80305.54,3065
7/2/2015,papa_john,83618.75,3156
7/3/2015,papa_john,95997.82,3575
7/4/2015,papa_john,13572.41,479
7/5/2015,papa_john,16289.52,606
7/6/2015,papa_john,218250.82,8005
7/7/2015,papa_john,71239.55,2867
7/8/2015,papa_john,62341.19,2432
7/9/2015,papa_john,68797.53,2634
7/10/2015,papa_john,80745.88,3086
7/11/2015,papa_john,20996.75,761
7/12/2015,papa_john,17034.22,628
7/13/2015,papa_john,248866.8,9393
7/14/2015,papa_john,66250.85,2637
7/15/2015,papa_john,73602.4,2833
7/16/2015,papa_john,73599.22,2785
7/17/2015,papa_john,84103.49,3161
7/18/2015,papa_john,21240,713
7/19/2015,papa_john,16982.43,563
7/20/2015,papa_john,257108.45,9423
7/21/2015,papa_john,69019.19,2736
7/22/2015,papa_john,61859.12,2442
7/23/2015,papa_john,65001.89,2517
7/24/2015,papa_john,79188.65,2948
7/25/2015,papa_john,19274.94,703
7/26/2015,papa_john,16499.63,595
7/27/2015,papa_john,244640.77,9112
7/28/2015,papa_john,71018.48,2817
7/29/2015,papa_john,63103.72,2464
7/30/2015,papa_john,70082.7,2726
7/31/2015,papa_john,98566,3722
8/1/2015,papa_john,17846.13,632
8/2/2015,papa_john,15693.52,572
8/3/2015,papa_john,292664.56,10630
8/4/2015,papa_john,71797.82,2791
8/5/2015,papa_john,63436.95,2456
8/6/2015,papa_john,71033.3,2727
8/7/2015,papa_john,68758.93,2657
8/8/2015,papa_john,19397.17,703
8/9/2015,papa_john,17909.4,623
8/10/2015,papa_john,271077.37,9941
8/11/2015,papa_john,67101.47,2643
8/12/2015,papa_john,60595.75,2388
8/13/2015,papa_john,68678.69,2642
8/14/2015,papa_john,97007.56,3594
8/15/2015,papa_john,21020.99,747
8/16/2015,papa_john,17453.86,621
8/17/2015,papa_john,289580.83,10378
8/18/2015,papa_john,70987.93,2759
8/19/2015,papa_john,60695.82,2367
8/20/2015,papa_john,66773.69,2600
8/21/2015,papa_john,86727.38,3266
8/22/2015,papa_john,21470.83,712
8/23/2015,papa_john,16873.86,586
8/24/2015,papa_john,270528.55,9992
8/25/2015,papa_john,67068.3,2661
8/26/2015,papa_john,52645.67,2135
8/27/2015,papa_john,62740.8,2452
8/28/2015,papa_john,81233.22,3123
8/29/2015,papa_john,26222.25,934
8/30/2015,papa_john,19384.67,668
8/31/2015,papa_john,278868.06,10441
9/1/2015,papa_john,80442.57,3171
9/2/2015,papa_john,63958.99,2532
9/3/2015,papa_john,70747.63,2824
9/4/2015,papa_john,96122.87,3662
9/5/2015,papa_john,19336.04,699
9/6/2015,papa_john,18451.52,651
9/7/2015,papa_john,22614.45,873
9/8/2015,papa_john,344303.05,12983
9/9/2015,papa_john,64158.74,2593
9/10/2015,papa_john,60578.74,2422
9/11/2015,papa_john,95131.81,3655
9/12/2015,papa_john,21700.88,794
9/13/2015,papa_john,22209.11,770
9/14/2015,papa_john,303747.35,11517
9/15/2015,papa_john,77749.4,3189
9/16/2015,papa_john,58911.19,2390
9/17/2015,papa_john,64429,2591
9/18/2015,papa_john,87922.29,3534
9/19/2015,papa_john,24435.09,864
9/20/2015,papa_john,18610.82,686
9/21/2015,papa_john,302221.82,11441
9/22/2015,papa_john,70719.97,2937
9/23/2015,papa_john,53967.31,2252
9/24/2015,papa_john,63291.62,2572
9/25/2015,papa_john,84836.67,3347
9/26/2015,papa_john,22566.59,846
9/27/2015,papa_john,20769.13,751
9/28/2015,papa_john,302636.38,11480
9/29/2015,papa_john,70801.87,2913
9/30/2015,papa_john,58700.37,2336
10/1/2015,papa_john,79729.31,3037
10/2/2015,papa_john,96243.58,3647
10/3/2015,papa_john,24374.07,863
10/4/2015,papa_john,20430.99,742
10/5/2015,papa_john,327767.84,11994
10/6/2015,papa_john,73134.61,3012
10/7/2015,papa_john,58379.8,2336
10/8/2015,papa_john,64752.46,2572
10/9/2015,papa_john,90893.69,3471
10/10/2015,papa_john,21069.63,758
10/11/2015,papa_john,19900.38,727
10/12/2015,papa_john,23540.24,862
10/13/2015,papa_john,344615.26,12850
10/14/2015,papa_john,70687.28,2849
10/15/2015,papa_john,73339.63,2875
10/16/2015,papa_john,25248.07,961
10/17/2015,papa_john,21912.9,760
10/18/2015,papa_john,18832.21,689
10/19/2015,papa_john,362062.77,13475
10/20/2015,papa_john,69977.44,2887
10/21/2015,papa_john,57044.06,2307
10/22/2015,papa_john,49639.68,2040
10/23/2015,papa_john,96347.91,3733
10/24/2015,papa_john,27253.75,944
10/25/2015,papa_john,19936.16,732
10/26/2015,papa_john,301800.15,11251
10/27/2015,papa_john,64561.48,2613
10/28/2015,papa_john,59716.28,2397
10/29/2015,papa_john,68043.68,2697
10/30/2015,papa_john,103910.86,3888
10/31/2015,papa_john,28764.42,914
11/1/2015,papa_john,23010.06,745
11/2/2015,papa_john,377437.14,13098
11/3/2015,papa_john,74918.24,2970
11/4/2015,papa_john,47512.54,1939
11/5/2015,papa_john,74725.12,2937
11/6/2015,papa_john,81580.67,3148
11/7/2015,papa_john,26145.35,915
11/8/2015,papa_john,20730.62,721
11/9/2015,papa_john,287740.98,10780
11/10/2015,papa_john,70390.34,2817
11/11/2015,papa_john,14174.5,531
11/12/2015,papa_john,129110.32,5058
11/13/2015,papa_john,90921.89,3543
11/14/2015,papa_john,25147.19,868
11/15/2015,papa_john,20830.56,751
11/16/2015,papa_john,325770.24,12101
11/17/2015,papa_john,70746.88,2822
11/18/2015,papa_john,61134.98,2493
11/19/2015,papa_john,70971.99,2870
11/20/2015,papa_john,89054.91,3486
11/21/2015,papa_john,23712.82,854
11/22/2015,papa_john,19754.56,718
11/23/2015,papa_john,308456.17,11592
11/24/2015,papa_john,81054.54,3261
11/25/2015,papa_john,78809.94,3047
11/26/2015,papa_john,7785.39,271
11/27/2015,papa_john,104920.69,4001
11/28/2015,papa_john,20825.82,753
11/29/2015,papa_john,20012.03,752
11/30/2015,papa_john,261174.68,9877
12/1/2015,papa_john,86940.14,3442
12/2/2015,papa_john,68548.99,2694
12/3/2015,papa_john,77032.45,3036
12/4/2015,papa_john,88303.83,3459
12/5/2015,papa_john,24300.74,891
12/6/2015,papa_john,20491.86,740
12/7/2015,papa_john,318944.64,11938
12/8/2015,papa_john,75548.02,3160
12/9/2015,papa_john,62135.81,2573
12/10/2015,papa_john,68778.26,2788
12/11/2015,papa_john,96477.47,3732
12/12/2015,papa_john,24713.91,900
12/13/2015,papa_john,20574.68,761
12/14/2015,papa_john,325142.92,12411
12/15/2015,papa_john,83568.42,3408
12/16/2015,papa_john,72494.41,2946
12/17/2015,papa_john,77438.33,3080
12/18/2015,papa_john,97869.78,3763
12/19/2015,papa_john,24948.8,866
12/20/2015,papa_john,18305.41,670
12/21/2015,papa_john,312956.1,11741
12/22/2015,papa_john,88785.93,3525
12/23/2015,papa_john,78514.54,3026
12/24/2015,papa_john,91060.77,3458
12/25/2015,papa_john,5607.67,189
12/26/2015,papa_john,11870.88,440
12/27/2015,papa_john,16469.08,610
12/28/2015,papa_john,239371.57,8941
12/29/2015,papa_john,88907.45,3419
12/30/2015,papa_john,77628.16,2961
12/31/2015,papa_john,115268.07,4159
1/1/2016,papa_john,19966.81,696
1/2/2016,papa_john,15868.23,595
1/3/2016,papa_john,16381.23,614
1/4/2016,papa_john,394119.37,14276
1/5/2016,papa_john,74879.24,3013
1/6/2016,papa_john,60765.53,2413
1/7/2016,papa_john,65955.99,2612
1/8/2016,papa_john,81662.56,3125
1/9/2016,papa_john,22448.54,813
1/10/2016,papa_john,21444.67,774
1/11/2016,papa_john,322001.56,11929
1/12/2016,papa_john,76080.01,3029
1/13/2016,papa_john,57533.64,2289
1/14/2016,papa_john,63938.17,2523
1/15/2016,papa_john,100054.38,3825
1/16/2016,papa_john,22461.9,807
1/17/2016,papa_john,20678.38,747
1/18/2016,papa_john,23004.87,862
1/19/2016,papa_john,399541.71,14766
1/20/2016,papa_john,71892.45,2833
1/21/2016,papa_john,63212.65,2507
1/22/2016,papa_john,24990.07,981
1/23/2016,papa_john,19610.02,705
1/24/2016,papa_john,18632.15,674
1/25/2016,papa_john,333704.98,12461
1/26/2016,papa_john,68751.06,2681
1/27/2016,papa_john,63470.58,2458
1/28/2016,papa_john,68353.3,2696
1/29/2016,papa_john,90495.76,3418
1/30/2016,papa_john,23479.82,807
1/31/2016,papa_john,19364.22,670
2/1/2016,papa_john,336738.83,12125
2/2/2016,papa_john,70906.62,2704
2/3/2016,papa_john,63050.89,2398
2/4/2016,papa_john,69417.92,2719
2/5/2016,papa_john,90480.24,3339
2/6/2016,papa_john,25519.67,873
2/7/2016,papa_john,31135.84,961
2/8/2016,papa_john,344873.12,12244
2/9/2016,papa_john,76241.97,3029
2/10/2016,papa_john,117969.93,4364
2/11/2016,papa_john,76415.95,3032
2/12/2016,papa_john,98773.08,3705
2/13/2016,papa_john,21725.56,787
2/14/2016,papa_john,20055.44,734
2/15/2016,papa_john,18785.44,721
2/16/2016,papa_john,398651.94,14845
2/17/2016,papa_john,78776.71,3136
2/18/2016,papa_john,66412.23,2662
2/19/2016,papa_john,90893,3507
2/20/2016,papa_john,21803.68,788
2/21/2016,papa_john,18021.58,679
2/22/2016,papa_john,307039.66,11602
2/23/2016,papa_john,67451.37,2761
2/24/2016,papa_john,63362.93,2529
2/25/2016,papa_john,77299.64,3048
2/26/2016,papa_john,88413.23,3426
2/27/2016,papa_john,25274.13,949
2/28/2016,papa_john,18790.69,703
2/29/2016,papa_john,308566.16,11497
3/1/2016,papa_john,76618.13,3033
3/2/2016,papa_john,68281.7,2692
3/3/2016,papa_john,75928.38,3062
3/4/2016,papa_john,97431.14,3796
3/5/2016,papa_john,23498.5,823
3/6/2016,papa_john,18079.36,626
3/7/2016,papa_john,324612.32,11995
3/8/2016,papa_john,71280.54,2831
3/9/2016,papa_john,63360.38,2512
3/10/2016,papa_john,67310.7,2673
3/11/2016,papa_john,94833.98,3649
3/12/2016,papa_john,23385.57,835
3/13/2016,papa_john,19006.53,677
3/14/2016,papa_john,313208.22,11670
3/15/2016,papa_john,82503.19,3225
3/16/2016,papa_john,68796.14,2687
3/17/2016,papa_john,70832.51,2737
3/18/2016,papa_john,94500.32,3639
3/19/2016,papa_john,22570.48,827
3/20/2016,papa_john,18651.08,714
3/21/2016,papa_john,305335.72,11465
3/22/2016,papa_john,67947.33,2799
3/23/2016,papa_john,62126.36,2501
3/24/2016,papa_john,74153.77,3006
3/25/2016,papa_john,101095.82,3953
3/26/2016,papa_john,21135.4,753
3/27/2016,papa_john,15435.91,608
3/28/2016,papa_john,273409.54,10455
3/29/2016,papa_john,72911.72,2968
3/30/2016,papa_john,67618.84,2726
3/31/2016,papa_john,73548.6,2957
4/1/2016,papa_john,104548.73,4028
4/2/2016,papa_john,22464.7,811
4/3/2016,papa_john,18712.49,687
4/4/2016,papa_john,337465.53,12712
4/5/2016,papa_john,72090.08,2965
4/6/2016,papa_john,57331.83,2377
4/7/2016,papa_john,68689.68,2779
4/8/2016,papa_john,88160.99,3529
4/9/2016,papa_john,23104.82,842
4/10/2016,papa_john,19169.16,707
4/11/2016,papa_john,317386.18,12072
4/12/2016,papa_john,71661.58,2934
4/13/2016,papa_john,64331.75,2660
4/14/2016,papa_john,72659.88,2916
4/15/2016,papa_john,25535.09,989
4/16/2016,papa_john,24497.19,870
4/17/2016,papa_john,16671.77,629
4/18/2016,papa_john,390337.13,14808
4/19/2016,papa_john,74093.44,2991
4/20/2016,papa_john,66519.06,2710
4/21/2016,papa_john,69747.1,2805
4/22/2016,papa_john,90600.3,3516
4/23/2016,papa_john,26102.24,929
4/24/2016,papa_john,19510.31,726
4/25/2016,papa_john,310510.79,11750
4/26/2016,papa_john,71798.13,2889
4/27/2016,papa_john,62013.41,2471
4/28/2016,papa_john,72802.39,2863
4/29/2016,papa_john,130504.87,4686
4/30/2016,papa_john,24227.51,840
5/1/2016,papa_john,20511.13,744
5/2/2016,papa_john,347119.02,12654
5/3/2016,papa_john,71409.44,2881
5/4/2016,papa_john,59479.47,2389
5/5/2016,papa_john,70708.59,2780
5/6/2016,papa_john,80856.18,3123
5/7/2016,papa_john,21948.24,781
5/8/2016,papa_john,19377.4,698
5/9/2016,papa_john,306000.33,11282
5/10/2016,papa_john,66214.05,2655
5/11/2016,papa_john,64979.29,2572
5/12/2016,papa_john,73258.04,2888
5/13/2016,papa_john,96040.85,3654
5/14/2016,papa_john,25194.46,875
5/15/2016,papa_john,22148.01,764
5/16/2016,papa_john,327510.18,11905
5/17/2016,papa_john,71168.28,2824
5/18/2016,papa_john,65149.86,2569
5/19/2016,papa_john,68273.9,2677
5/20/2016,papa_john,87452.9,3335
5/21/2016,papa_john,26273.8,934
5/22/2016,papa_john,21959.84,770
5/23/2016,papa_john,304289.03,11122
5/24/2016,papa_john,71894.27,2797
5/25/2016,papa_john,62667.41,2422
5/26/2016,papa_john,75253.46,2891
5/27/2016,papa_john,96635.82,3617
5/28/2016,papa_john,28130.35,979
5/29/2016,papa_john,19031.25,667
5/30/2016,papa_john,26160.87,964
5/31/2016,papa_john,347876.92,12687
6/1/2016,papa_john,93940.61,3551
6/2/2016,papa_john,78791.71,2945
6/3/2016,papa_john,95194.38,3508
6/4/2016,papa_john,27219.94,910
6/5/2016,papa_john,22230.78,767
6/6/2016,papa_john,305394.94,11009
6/7/2016,papa_john,80102.65,3130
6/8/2016,papa_john,64667.69,2493
6/9/2016,papa_john,72456,2769
6/10/2016,papa_john,70585.29,2679
6/11/2016,papa_john,25684.33,869
6/12/2016,papa_john,21545.84,759
6/13/2016,papa_john,306272.23,11077
6/14/2016,papa_john,81159.78,3091
6/15/2016,papa_john,74853.22,2774
6/16/2016,papa_john,79458.74,2961
6/17/2016,papa_john,94056.82,3511
6/18/2016,papa_john,22970.24,815
6/19/2016,papa_john,19835.28,679
6/20/2016,papa_john,294884.94,10569
6/21/2016,papa_john,75331.14,2887
6/22/2016,papa_john,67343.35,2583
6/23/2016,papa_john,69352.19,2734
6/24/2016,papa_john,89460.24,3305
6/25/2016,papa_john,23393.68,806
6/26/2016,papa_john,21716.96,738
6/27/2016,papa_john,291571.28,10736
6/28/2016,papa_john,76342.36,2961
6/29/2016,papa_john,69992.19,2770
6/30/2016,papa_john,75673.17,2939
7/1/2016,papa_john,104523.57,3925
7/2/2016,papa_john,21190.82,742
7/3/2016,papa_john,17333.5,581
7/4/2016,papa_john,20470.89,756
7/5/2016,papa_john,332523.1,12162
7/6/2016,papa_john,88816.32,3434
7/7/2016,papa_john,73638.78,2780
7/8/2016,papa_john,79543.75,3073
7/9/2016,papa_john,22375.5,758
7/10/2016,papa_john,19335.37,702
7/11/2016,papa_john,276256.31,10144
7/12/2016,papa_john,68117.51,2672
7/13/2016,papa_john,62395.99,2462
7/14/2016,papa_john,68390,2612
7/15/2016,papa_john,74012.64,2789
7/16/2016,papa_john,23879.88,845
7/17/2016,papa_john,18545.75,670
7/18/2016,papa_john,297423.61,10780
7/19/2016,papa_john,73550.31,2849
7/20/2016,papa_john,61825.04,2382
7/21/2016,papa_john,68652.01,2637
7/22/2016,papa_john,85620.16,3267
7/23/2016,papa_john,23132.65,812
7/24/2016,papa_john,20782.05,716
7/25/2016,papa_john,280094.55,10372
7/26/2016,papa_john,73001.92,2841
7/27/2016,papa_john,66688.3,2590
7/28/2016,papa_john,70536.78,2754
7/29/2016,papa_john,88494.73,3361
7/30/2016,papa_john,23189.71,814
7/31/2016,papa_john,21764.95,764
8/1/2016,papa_john,312241.84,11260
8/2/2016,papa_john,74705.58,2930
8/3/2016,papa_john,71381.8,2779
8/4/2016,papa_john,72381.39,2809
8/5/2016,papa_john,83565.61,3153
8/6/2016,papa_john,24517.85,866
8/7/2016,papa_john,21025.64,721
8/8/2016,papa_john,264402.12,9893
8/9/2016,papa_john,67108.91,2629
8/10/2016,papa_john,81359.44,3133
8/11/2016,papa_john,69399.56,2733
8/12/2016,papa_john,89717.55,3362
8/13/2016,papa_john,24891.57,877
8/14/2016,papa_john,20199.6,729
8/15/2016,papa_john,314196.34,11464
8/16/2016,papa_john,71898.89,2814
8/17/2016,papa_john,60257.16,2409
8/18/2016,papa_john,68667.9,2696
8/19/2016,papa_john,86398.19,3270
8/20/2016,papa_john,27878.2,980
8/21/2016,papa_john,23378.15,806
8/22/2016,papa_john,286589.97,10560
8/23/2016,papa_john,63674.71,2541
8/24/2016,papa_john,51678.14,2066
8/25/2016,papa_john,62948.81,2438
8/26/2016,papa_john,80289.98,3030
8/27/2016,papa_john,27617,950
8/28/2016,papa_john,24527.01,806
8/29/2016,papa_john,284784.05,10495
8/30/2016,papa_john,65739.03,2623
8/31/2016,papa_john,58826.97,2306
9/1/2016,papa_john,81671.37,3141
9/2/2016,papa_john,103395.52,3934
9/3/2016,papa_john,26841.85,939
9/4/2016,papa_john,23579.72,840
9/5/2016,papa_john,25729.72,901
9/6/2016,papa_john,360862.23,13383
9/7/2016,papa_john,67048.87,2700
9/8/2016,papa_john,59762.39,2410
9/9/2016,papa_john,84437.79,3296
9/10/2016,papa_john,28051.86,962
9/11/2016,papa_john,24983.98,886
9/12/2016,papa_john,317252.53,11648
9/13/2016,papa_john,68009.31,2781
9/14/2016,papa_john,56548.88,2309
9/15/2016,papa_john,71467.16,2808
9/16/2016,papa_john,81616.86,3119
9/17/2016,papa_john,26831.11,983
9/18/2016,papa_john,24679.81,882
9/19/2016,papa_john,320222.79,11958
9/20/2016,papa_john,69256.78,2820
9/21/2016,papa_john,52820.13,2130
9/22/2016,papa_john,62398.86,2448
9/23/2016,papa_john,84151.88,3240
9/24/2016,papa_john,27575.4,961
9/25/2016,papa_john,21957.78,785
9/26/2016,papa_john,306532.07,11364
9/27/2016,papa_john,73006.07,2900
9/28/2016,papa_john,52539.82,2136
9/29/2016,papa_john,64886.86,2521
9/30/2016,papa_john,100062.87,3710
10/1/2016,papa_john,27557.62,937
10/2/2016,papa_john,22345.16,773
10/3/2016,papa_john,336829.47,12127
10/4/2016,papa_john,75417.32,3036
10/5/2016,papa_john,56932.3,2231
10/6/2016,papa_john,68285.18,2598
10/7/2016,papa_john,86148.29,3281
10/8/2016,papa_john,27907.71,966
10/9/2016,papa_john,24386.8,832
10/10/2016,papa_john,22558.27,842
10/11/2016,papa_john,339567.65,12445
10/12/2016,papa_john,72129.4,2848
10/13/2016,papa_john,68675.35,2665
10/14/2016,papa_john,91463.48,3445
10/15/2016,papa_john,26489.54,902
10/16/2016,papa_john,23415.14,821
10/17/2016,papa_john,335584.56,12215
10/18/2016,papa_john,72468.91,2886
10/19/2016,papa_john,55824.35,2244
10/20/2016,papa_john,67193.39,2628
10/21/2016,papa_john,87635.42,3338
10/22/2016,papa_john,29420.26,1024
10/23/2016,papa_john,23092.29,817
10/24/2016,papa_john,309583.85,11344
10/25/2016,papa_john,70067.37,2833
10/26/2016,papa_john,58725.58,2279
10/27/2016,papa_john,66489.28,2613
10/28/2016,papa_john,83709.41,3268
10/29/2016,papa_john,29138.47,1028
10/30/2016,papa_john,29118.88,980
10/31/2016,papa_john,321826.5,11791
11/1/2016,papa_john,157675.97,5331
11/2/2016,papa_john,67310.67,2551
11/3/2016,papa_john,66149.35,2628
11/4/2016,papa_john,81517.76,3156
11/5/2016,papa_john,24992.69,887
11/6/2016,papa_john,21911.77,745
11/7/2016,papa_john,320877.19,11729
11/8/2016,papa_john,74435.75,2960
11/9/2016,papa_john,81979.93,3213
11/10/2016,papa_john,73080.39,2859
11/11/2016,papa_john,18879.69,701
11/12/2016,papa_john,25663.41,894
11/13/2016,papa_john,24387.45,857
11/14/2016,papa_john,376960.89,13877
11/15/2016,papa_john,80225.41,3151
11/16/2016,papa_john,60034.99,2373
11/17/2016,papa_john,67605.5,2634
11/18/2016,papa_john,87411.62,3370
11/19/2016,papa_john,29074.88,1010
11/20/2016,papa_john,24903.06,864
11/21/2016,papa_john,328186.18,12050
11/22/2016,papa_john,79209.38,3103
11/23/2016,papa_john,77571.6,2907
11/24/2016,papa_john,19228.18,650
11/25/2016,papa_john,101109.96,3637
11/26/2016,papa_john,19024.34,677
11/27/2016,papa_john,21957.38,758
11/28/2016,papa_john,264091,9877
11/29/2016,papa_john,71441.94,2881
11/30/2016,papa_john,62243.23,2432
12/1/2016,papa_john,88514.43,3340
12/2/2016,papa_john,94143.52,3557
12/3/2016,papa_john,28943.19,1017
12/4/2016,papa_john,26291.5,942
12/5/2016,papa_john,350816.12,12815
12/6/2016,papa_john,77230.05,3106
12/7/2016,papa_john,63787.52,2519
12/8/2016,papa_john,70455.25,2716
12/9/2016,papa_john,91129.59,3516
12/10/2016,papa_john,30707.23,1054
12/11/2016,papa_john,28679.07,1000
12/12/2016,papa_john,348711.13,12741
12/13/2016,papa_john,72069.92,2904
12/14/2016,papa_john,63524.35,2534
12/15/2016,papa_john,89050.52,3338
12/16/2016,papa_john,105371.62,3913
12/17/2016,papa_john,29203.27,1030
12/18/2016,papa_john,25158.54,877
12/19/2016,papa_john,334676.93,12136
12/20/2016,papa_john,90139.62,3453
12/21/2016,papa_john,75198.29,2829
12/22/2016,papa_john,84511.7,3135
12/23/2016,papa_john,100904.68,3700
12/24/2016,papa_john,21149.31,713
12/25/2016,papa_john,12977.88,448
12/26/2016,papa_john,8386.95,282
12/27/2016,papa_john,236651.38,8554
12/28/2016,papa_john,94798.65,3530
12/29/2016,papa_john,86295.46,3196
12/30/2016,papa_john,110840.52,4036
12/31/2016,papa_john,21334.64,763
1/1/2017,papa_john,21771.2,773
1/2/2017,papa_john,25330.31,904
1/3/2017,papa_john,402144.1,14427
1/4/2017,papa_john,74806.98,2898
1/5/2017,papa_john,60276.6,2349
1/6/2017,papa_john,73475.39,2780
1/7/2017,papa_john,27130.43,958
1/8/2017,papa_john,21912.42,760
1/9/2017,papa_john,311016.43,11393
1/10/2017,papa_john,80036.1,3120
1/11/2017,papa_john,57658.94,2300
1/12/2017,papa_john,61725.66,2462
1/13/2017,papa_john,88673.21,3373
1/14/2017,papa_john,24402.34,921
1/15/2017,papa_john,24785.58,864
1/16/2017,papa_john,29923.11,1060
1/17/2017,papa_john,398789.17,14526
1/18/2017,papa_john,68841.63,2759
1/19/2017,papa_john,59675.85,2387
1/20/2017,papa_john,79549.16,3063
1/21/2017,papa_john,27739.72,997
1/22/2017,papa_john,24752.08,901
1/23/2017,papa_john,336060.81,12457
1/24/2017,papa_john,64837.35,2637
1/25/2017,papa_john,53925.12,2181
1/26/2017,papa_john,63494.61,2497
1/27/2017,papa_john,80392.49,3136
1/28/2017,papa_john,31113.31,1066
1/29/2017,papa_john,24797.95,896
1/30/2017,papa_john,311565.42,11494
1/31/2017,papa_john,66131.17,2596
2/1/2017,papa_john,69527.99,2675
2/2/2017,papa_john,71981.3,2728
2/3/2017,papa_john,82257.14,3084
2/4/2017,papa_john,26119.4,907
2/5/2017,papa_john,24578.19,852
2/6/2017,papa_john,391903.04,13644
2/7/2017,papa_john,68982.06,2631
2/8/2017,papa_john,52416.55,2089
2/9/2017,papa_john,62592.1,2496
2/10/2017,papa_john,113101.63,4273
2/11/2017,papa_john,28889.63,1028
2/12/2017,papa_john,26090.49,852
2/13/2017,papa_john,315373.13,11665
2/14/2017,papa_john,66815.14,2656
2/15/2017,papa_john,129197.61,4809
2/16/2017,papa_john,72441.46,2846
2/17/2017,papa_john,85696.61,3264
2/18/2017,papa_john,23727.1,864
2/19/2017,papa_john,20484.12,733
2/20/2017,papa_john,23510.96,857
2/21/2017,papa_john,351957.14,13047
2/22/2017,papa_john,72385.78,2977
2/23/2017,papa_john,65130.56,2557
2/24/2017,papa_john,90495.89,3409
2/25/2017,papa_john,28558.91,948
2/26/2017,papa_john,21799.53,792
2/27/2017,papa_john,329963.57,11960
2/28/2017,papa_john,68490.49,2686
3/1/2017,papa_john,71758.58,2895
3/2/2017,papa_john,76872.75,2984
3/3/2017,papa_john,88480.21,3450
3/4/2017,papa_john,29464,1056
3/5/2017,papa_john,25019.59,863
3/6/2017,papa_john,345720.23,12642
3/7/2017,papa_john,70076.39,2831
3/8/2017,papa_john,63458.04,2599
3/9/2017,papa_john,69437.38,2728
3/10/2017,papa_john,89162.87,3398
3/11/2017,papa_john,28174.24,1015
3/12/2017,papa_john,25354.49,865
3/13/2017,papa_john,338188.13,12270
3/14/2017,papa_john,82302.28,3289
3/15/2017,papa_john,78654.42,3040
3/16/2017,papa_john,78885.31,3065
3/17/2017,papa_john,93824.8,3591
3/18/2017,papa_john,26263.5,1006
3/19/2017,papa_john,23210.38,843
3/20/2017,papa_john,327039.37,12295
3/21/2017,papa_john,69892.85,2869
3/22/2017,papa_john,58973.31,2419
3/23/2017,papa_john,73898.84,2931
3/24/2017,papa_john,91696.32,3675
3/25/2017,papa_john,29326.7,1068
3/26/2017,papa_john,24706.4,884
3/27/2017,papa_john,326874.24,12529
3/28/2017,papa_john,70940.69,2839
3/29/2017,papa_john,59889.16,2392
3/30/2017,papa_john,70586.67,2820
3/31/2017,papa_john,101467.31,3822
4/1/2017,papa_john,27145.41,961
4/2/2017,papa_john,22316.59,798
4/3/2017,papa_john,352684.1,12988
4/4/2017,papa_john,76313.13,3070
4/5/2017,papa_john,65818.9,2637
4/6/2017,papa_john,73728.79,2955
4/7/2017,papa_john,87114.95,3370
4/8/2017,papa_john,26734.2,961
4/9/2017,papa_john,22556.94,813
4/10/2017,papa_john,321086.73,11823
4/11/2017,papa_john,77703.05,3056
4/12/2017,papa_john,60880.19,2401
4/13/2017,papa_john,74712.12,2857
4/14/2017,papa_john,100373.89,3791
4/15/2017,papa_john,24611.54,884
4/16/2017,papa_john,20604.98,719
4/17/2017,papa_john,288644.89,10638
4/18/2017,papa_john,77685.42,3132
4/19/2017,papa_john,61597.34,2457
4/20/2017,papa_john,70564.91,2723
4/21/2017,papa_john,87960.97,3426
4/22/2017,papa_john,30479.06,1066
4/23/2017,papa_john,25107.9,923
4/24/2017,papa_john,328179.38,12196
4/25/2017,papa_john,71381.72,2827
4/26/2017,papa_john,62089.41,2512
4/27/2017,papa_john,68150.13,2680
4/28/2017,papa_john,96388.56,3703
4/29/2017,papa_john,29050.88,1005
4/30/2017,papa_john,23316.14,834
5/1/2017,papa_john,363393.53,13023
5/2/2017,papa_john,73013.54,2896
5/3/2017,papa_john,61035.33,2380
5/4/2017,papa_john,69400.29,2701
5/5/2017,papa_john,34793.95,1321
5/6/2017,papa_john,25468.26,901
5/7/2017,papa_john,24187.21,839
5/8/2017,papa_john,364402.4,13359
5/9/2017,papa_john,71501.41,2818
5/10/2017,papa_john,63555.81,2519
5/11/2017,papa_john,73947.96,2821
5/12/2017,papa_john,90576.71,3466
5/13/2017,papa_john,28777.04,961
5/14/2017,papa_john,21862.63,750
5/15/2017,papa_john,315625.98,11131
5/16/2017,papa_john,70327.6,2722
5/17/2017,papa_john,63257.5,2520
5/18/2017,papa_john,73008.13,2807
5/19/2017,papa_john,88519.72,3353
5/20/2017,papa_john,29170.35,1036
5/21/2017,papa_john,24715.68,854
5/22/2017,papa_john,319221.54,11606
5/23/2017,papa_john,73352.49,2885
5/24/2017,papa_john,65217.19,2552
5/25/2017,papa_john,80259.66,3020
5/26/2017,papa_john,95339.54,3510
5/27/2017,papa_john,26400.14,911
5/28/2017,papa_john,21305.22,724
5/29/2017,papa_john,25714.56,899
5/30/2017,papa_john,340144,12268
5/31/2017,papa_john,81428.59,3117
6/1/2017,papa_john,88602.18,3210
6/2/2017,papa_john,96994.63,3596
6/3/2017,papa_john,25222.83,893
6/4/2017,papa_john,22909.75,768
6/5/2017,papa_john,319148.93,11473
6/6/2017,papa_john,76157.01,2961
6/7/2017,papa_john,60912,2358
6/8/2017,papa_john,74866.13,2849
6/9/2017,papa_john,86530.83,3208
6/10/2017,papa_john,25542.28,898
6/11/2017,papa_john,25310.61,798
6/12/2017,papa_john,297501.83,10754
6/13/2017,papa_john,79412.48,3069
6/14/2017,papa_john,65781.18,2559
6/15/2017,papa_john,87544.86,3270
6/16/2017,papa_john,98180.4,3660
6/17/2017,papa_john,27927.54,957
6/18/2017,papa_john,21415.92,779
6/19/2017,papa_john,300588.78,11200
6/20/2017,papa_john,79241.79,3089
6/21/2017,papa_john,67438.91,2654
6/22/2017,papa_john,76424.94,2997
6/23/2017,papa_john,90025.9,3510
6/24/2017,papa_john,24698.44,874
6/25/2017,papa_john,22384.98,797
6/26/2017,papa_john,294816.82,10992
6/27/2017,papa_john,74605.58,2862
6/28/2017,papa_john,65275.71,2476
6/29/2017,papa_john,75392.41,2836
6/30/2017,papa_john,103518.34,3787
7/1/2017,papa_john,21686.18,724
7/2/2017,papa_john,19433.7,676
7/3/2017,papa_john,296499.14,10573
7/4/2017,papa_john,16290.03,592
7/5/2017,papa_john,148711.88,5568
7/6/2017,papa_john,74610.1,2895
7/7/2017,papa_john,77605.1,2941
7/8/2017,papa_john,25733.22,887
7/9/2017,papa_john,21927.31,755
7/10/2017,papa_john,282448.25,10272
7/11/2017,papa_john,74206.06,2874
7/12/2017,papa_john,63686.06,2515
7/13/2017,papa_john,71947.85,2745
7/14/2017,papa_john,88848.78,3331
7/15/2017,papa_john,23041.16,822
7/16/2017,papa_john,21412.75,748
7/17/2017,papa_john,293213.64,10648
7/18/2017,papa_john,72461.13,2788
7/19/2017,papa_john,62736.16,2428
7/20/2017,papa_john,71850.96,2710
7/21/2017,papa_john,80186.74,3061
7/22/2017,papa_john,25905.24,909
7/23/2017,papa_john,22239.85,781
7/24/2017,papa_john,286565.64,10401
7/25/2017,papa_john,73543.04,2861
7/26/2017,papa_john,62843.98,2447
7/27/2017,papa_john,70915.22,2734
7/28/2017,papa_john,83402.97,3219
7/29/2017,papa_john,27270.36,961
7/30/2017,papa_john,23110.32,805
7/31/2017,papa_john,285255.58,10487
8/1/2017,papa_john,84050.02,3139
8/2/2017,papa_john,66423.79,2468
8/3/2017,papa_john,69040.42,2597
8/4/2017,papa_john,86242.33,3167
8/5/2017,papa_john,24717.95,844
8/6/2017,papa_john,19735.85,689
8/7/2017,papa_john,279513.52,10139
8/8/2017,papa_john,72224.24,2787
8/9/2017,papa_john,59696.06,2300
8/10/2017,papa_john,69193.87,2588
8/11/2017,papa_john,88859.57,3292
8/12/2017,papa_john,27084.9,957
8/13/2017,papa_john,22380.05,747
8/14/2017,papa_john,285252.15,10336
8/15/2017,papa_john,71523.54,2751
8/16/2017,papa_john,63771.19,2424
8/17/2017,papa_john,68823.4,2551
8/18/2017,papa_john,83854.59,3169
8/19/2017,papa_john,26940.11,933
8/20/2017,papa_john,23775.63,787
8/21/2017,papa_john,302241.29,10850
8/22/2017,papa_john,71700.95,2718
8/23/2017,papa_john,54854.18,2128
8/24/2017,papa_john,68639.88,2566
8/25/2017,papa_john,83787.66,3193
8/26/2017,papa_john,28426.65,992
8/27/2017,papa_john,28219.46,901
8/28/2017,papa_john,310839.96,11043
8/29/2017,papa_john,64562.42,2510
8/30/2017,papa_john,56958.34,2196
8/31/2017,papa_john,71556.82,2781
9/1/2017,papa_john,105027.64,3857
9/2/2017,papa_john,23454.83,848
9/3/2017,papa_john,23290.66,800
9/4/2017,papa_john,26448.71,924
9/5/2017,papa_john,374755.17,13574
9/6/2017,papa_john,72830.14,2805
9/7/2017,papa_john,62668,2453
9/8/2017,papa_john,82544.48,3144
9/9/2017,papa_john,25931.53,886
9/10/2017,papa_john,24837.74,790
9/11/2017,papa_john,299437.78,10734
9/12/2017,papa_john,64552.23,2494
9/13/2017,papa_john,53427.36,2105
9/14/2017,papa_john,61518.69,2339
9/15/2017,papa_john,89540.07,3354
9/16/2017,papa_john,26396.08,939
9/17/2017,papa_john,24146.08,825
9/18/2017,papa_john,319936.1,11665
9/19/2017,papa_john,64336.12,2556
9/20/2017,papa_john,53076.7,2074
9/21/2017,papa_john,63743.73,2524
9/22/2017,papa_john,81407.79,3082
9/23/2017,papa_john,29479.2,1032
9/24/2017,papa_john,26755.62,940
9/25/2017,papa_john,313535.56,11418
9/26/2017,papa_john,65749.66,2615
9/27/2017,papa_john,53559.27,2099
9/28/2017,papa_john,63303.96,2413
9/29/2017,papa_john,93321.06,3434
9/30/2017,papa_john,27321.65,918
10/1/2017,papa_john,25851.31,857
10/2/2017,papa_john,352160.03,12329
10/3/2017,papa_john,69334.06,2720
10/4/2017,papa_john,57646.03,2223
10/5/2017,papa_john,61012.37,2336
10/6/2017,papa_john,83403.94,3163
10/7/2017,papa_john,25477.08,893
10/8/2017,papa_john,25598.83,865
10/9/2017,papa_john,28032.45,987
10/10/2017,papa_john,358204.03,13080
10/11/2017,papa_john,72018.97,2811
10/12/2017,papa_john,62996.04,2432
10/13/2017,papa_john,31430.32,1150
10/14/2017,papa_john,27820.27,995
10/15/2017,papa_john,25287.16,899
10/16/2017,papa_john,387136.91,14060
10/17/2017,papa_john,70474.56,2794
10/18/2017,papa_john,54363.96,2142
10/19/2017,papa_john,62038.93,2438
10/20/2017,papa_john,82772.87,3138
10/21/2017,papa_john,27457.63,912
10/22/2017,papa_john,26135.68,905
10/23/2017,papa_john,319524.42,11786
10/24/2017,papa_john,68003.46,2674
10/25/2017,papa_john,55142.76,2209
10/26/2017,papa_john,63196.96,2437
10/27/2017,papa_john,82346.88,3068
10/28/2017,papa_john,30868.65,1070
10/29/2017,papa_john,28502.04,952
10/30/2017,papa_john,318817.92,11485
10/31/2017,papa_john,76122.41,2866
11/1/2017,papa_john,159571.66,5121
11/2/2017,papa_john,73810.96,2753
11/3/2017,papa_john,81552.17,3014
11/4/2017,papa_john,23481.8,828
11/5/2017,papa_john,23609.83,756
11/6/2017,papa_john,290652.96,10402
11/7/2017,papa_john,63729.85,2500
11/8/2017,papa_john,52901.04,2077
11/9/2017,papa_john,62306.92,2402
11/10/2017,papa_john,84972.82,3220
11/11/2017,papa_john,28199.12,984
11/12/2017,papa_john,26826.14,934
11/13/2017,papa_john,306305.52,11357
11/14/2017,papa_john,59590.39,2350
11/15/2017,papa_john,57419.03,2191
11/16/2017,papa_john,62572.08,2389
11/17/2017,papa_john,80681.47,3088
11/18/2017,papa_john,27772.28,972
11/19/2017,papa_john,25647.86,852
11/20/2017,papa_john,314352.95,11446
11/21/2017,papa_john,70541.38,2740
11/22/2017,papa_john,71825.38,2670
11/23/2017,papa_john,17200.41,581
11/24/2017,papa_john,91039.62,3346
11/25/2017,papa_john,18059.1,630
11/26/2017,papa_john,18779.32,686
11/27/2017,papa_john,248739.16,9217
11/28/2017,papa_john,61333.93,2483
11/29/2017,papa_john,52840.26,2119
11/30/2017,papa_john,62808.84,2457
12/1/2017,papa_john,92552.01,3531
12/2/2017,papa_john,25992.99,923
12/3/2017,papa_john,23622.9,853
12/4/2017,papa_john,327073.37,12166
12/5/2017,papa_john,63769.73,2534
12/6/2017,papa_john,56586.74,2278
12/7/2017,papa_john,65138.63,2565
12/8/2017,papa_john,85761.75,3383
12/9/2017,papa_john,29244.56,1032
12/10/2017,papa_john,25486.89,883
12/11/2017,papa_john,314260.5,11619
12/12/2017,papa_john,66907.41,2656
12/13/2017,papa_john,56863.46,2241
12/14/2017,papa_john,67547.26,2636
12/15/2017,papa_john,87068.49,3290
12/16/2017,papa_john,26880.87,947
12/17/2017,papa_john,24834.63,854
12/18/2017,papa_john,325670.03,11772
12/19/2017,papa_john,76491.32,2843
12/20/2017,papa_john,66890.93,2470
12/21/2017,papa_john,81547.48,2976
12/22/2017,papa_john,97759.75,3490
12/23/2017,papa_john,24787.36,814
12/24/2017,papa_john,18124.76,618
12/25/2017,papa_john,14108.76,471
12/26/2017,papa_john,223638.11,7766
12/27/2017,papa_john,85612.63,3139
12/28/2017,papa_john,84729.44,2979
12/29/2017,papa_john,101112.58,3557
12/30/2017,papa_john,21335.99,735
12/31/2017,papa_john,20694.12,704
1/1/2018,papa_john,25941.59,892
1/2/2018,papa_john,404492.77,14229
1/3/2018,papa_john,77329.2,2865
1/4/2018,papa_john,63405.09,2406
1/5/2018,papa_john,68005.56,2508
1/6/2018,papa_john,23904.19,830
1/7/2018,papa_john,22213.21,791
1/8/2018,papa_john,283605.78,10100
1/9/2018,papa_john,77852.46,2880
1/10/2018,papa_john,52987.61,2020
1/11/2018,papa_john,56782.09,2158
1/12/2018,papa_john,85439.27,3108
1/13/2018,papa_john,25276.94,888
1/14/2018,papa_john,22733.73,788
1/15/2018,papa_john,25586.31,892
1/16/2018,papa_john,362362.42,12804
1/17/2018,papa_john,70465.21,2643
1/18/2018,papa_john,59322.17,2236
1/19/2018,papa_john,73596.99,2736
1/20/2018,papa_john,24754.45,892
1/21/2018,papa_john,24591.02,844
1/22/2018,papa_john,288013.37,10276
1/23/2018,papa_john,56985.42,2185
1/24/2018,papa_john,47909.7,1876
1/25/2018,papa_john,54369.1,2078
1/26/2018,papa_john,74934.46,2797
1/27/2018,papa_john,29323.82,1058
1/28/2018,papa_john,22823.77,790
1/29/2018,papa_john,290729.31,10432
1/30/2018,papa_john,58808.79,2176
1/31/2018,papa_john,52872.19,1961
2/1/2018,papa_john,73397.97,2614
2/2/2018,papa_john,68729.79,2522
2/3/2018,papa_john,28052.91,957
2/4/2018,papa_john,23722.91,821
2/5/2018,papa_john,382653.87,12749
2/6/2018,papa_john,63246.01,2332
2/7/2018,papa_john,49184.21,1840
2/8/2018,papa_john,62465.09,2366
2/9/2018,papa_john,77143.55,2852
2/10/2018,papa_john,31205.85,1097
2/11/2018,papa_john,23352.65,798
2/12/2018,papa_john,335220.99,11845
2/13/2018,papa_john,61490.77,2365
2/14/2018,papa_john,57259.74,2188
2/15/2018,papa_john,123228.31,4518
2/16/2018,papa_john,84899.45,3117
2/17/2018,papa_john,25525.01,871
2/18/2018,papa_john,22962.11,745
2/19/2018,papa_john,20837.32,724
2/20/2018,papa_john,325732.82,11589
2/21/2018,papa_john,67614.5,2555
2/22/2018,papa_john,65011.61,2394
2/23/2018,papa_john,81401.9,2869
2/24/2018,papa_john,27395.38,950
2/25/2018,papa_john,23821.89,783
2/26/2018,papa_john,314892.22,10934
2/27/2018,papa_john,65549.22,2473
2/28/2018,papa_john,58110.44,2230
3/1/2018,papa_john,74858.88,2742
3/2/2018,papa_john,84785.91,3155
3/3/2018,papa_john,28991.05,1002
3/4/2018,papa_john,23677.76,839
3/5/2018,papa_john,319297.94,11203
3/6/2018,papa_john,62916.44,2418
3/7/2018,papa_john,56911.65,2174
3/8/2018,papa_john,66603.34,2531
3/9/2018,papa_john,81791.36,2995
3/10/2018,papa_john,23545.94,783
3/11/2018,papa_john,20970.15,706
3/12/2018,papa_john,202471.94,7125
3/13/2018,papa_john,63100.04,2367
3/14/2018,papa_john,62020.29,2254
3/15/2018,papa_john,87861.49,3139
3/16/2018,papa_john,96088.6,3484
3/17/2018,papa_john,28606.48,938
3/18/2018,papa_john,21241.99,711
3/19/2018,papa_john,416992.11,14404
3/20/2018,papa_john,67023.57,2464
3/21/2018,papa_john,63828.65,2395
3/22/2018,papa_john,68407.89,2561
3/23/2018,papa_john,89066.95,3137
3/24/2018,papa_john,28065.04,971
3/25/2018,papa_john,23446.25,765
3/26/2018,papa_john,320519.66,10981
3/27/2018,papa_john,63993.88,2433
3/28/2018,papa_john,59454.77,2204
3/29/2018,papa_john,71504.15,2578
3/30/2018,papa_john,103995.18,3721
3/31/2018,papa_john,21665.63,732
4/1/2018,papa_john,19766.31,659
4/2/2018,papa_john,285276.07,9875
4/3/2018,papa_john,73000.13,2717
4/4/2018,papa_john,60075.68,2266
4/5/2018,papa_john,67609.51,2541
4/6/2018,papa_john,84361.76,3042
4/7/2018,papa_john,28036.13,940
4/8/2018,papa_john,23258.43,787
4/9/2018,papa_john,305264.55,10715
4/10/2018,papa_john,60550.72,2318
4/11/2018,papa_john,57408.47,2187
4/12/2018,papa_john,65700.17,2436
4/13/2018,papa_john,89008.61,3184
4/14/2018,papa_john,28420.09,958
4/15/2018,papa_john,23592.96,792
4/16/2018,papa_john,315846,10852
4/17/2018,papa_john,61680.39,2334
4/18/2018,papa_john,59784.4,2254
4/19/2018,papa_john,65758.88,2421
4/20/2018,papa_john,89227.02,3245
4/21/2018,papa_john,25001.32,832
4/22/2018,papa_john,21700.92,717
4/23/2018,papa_john,303852.92,10607
4/24/2018,papa_john,61310.3,2332
4/25/2018,papa_john,57778.26,2200
4/26/2018,papa_john,67000.73,2470
4/27/2018,papa_john,93324.38,3366
4/28/2018,papa_john,28891.77,946
4/29/2018,papa_john,21099.7,717
4/30/2018,papa_john,291065.69,10196
5/1/2018,papa_john,71594.3,2625
5/2/2018,papa_john,62241.92,2300
5/3/2018,papa_john,67632.7,2503
5/4/2018,papa_john,92133.5,3323
5/5/2018,papa_john,23097.88,765
5/6/2018,papa_john,21171.38,695
5/7/2018,papa_john,295462.79,10266
5/8/2018,papa_john,65454.87,2407
5/9/2018,papa_john,58846.41,2181
5/10/2018,papa_john,64736.12,2357
5/11/2018,papa_john,92263.57,3290
5/12/2018,papa_john,25093.99,821
5/13/2018,papa_john,20549.12,679
5/14/2018,papa_john,274774.08,9694
5/15/2018,papa_john,67687.62,2467
5/16/2018,papa_john,62041.79,2302
5/17/2018,papa_john,63901.71,2380
5/18/2018,papa_john,95821.95,3377
5/19/2018,papa_john,27024.52,891
5/20/2018,papa_john,21304.81,687
5/21/2018,papa_john,305505.11,10367
5/22/2018,papa_john,62465.34,2288
5/23/2018,papa_john,61270,2220
5/24/2018,papa_john,72408.76,2617
5/25/2018,papa_john,98661.32,3456
5/26/2018,papa_john,20626.8,685
5/27/2018,papa_john,20496.2,654
5/28/2018,papa_john,25579.8,866
5/29/2018,papa_john,324167.89,11145
5/30/2018,papa_john,69682.9,2588
5/31/2018,papa_john,69012.37,2491
6/1/2018,papa_john,106735.54,3703
6/2/2018,papa_john,22994.7,722
6/3/2018,papa_john,20045.26,657
6/4/2018,papa_john,297444.17,10108
6/5/2018,papa_john,68440.23,2514
6/6/2018,papa_john,63623.84,2303
6/7/2018,papa_john,72513.82,2571
6/8/2018,papa_john,100546.78,3541
6/9/2018,papa_john,23804.29,760
6/10/2018,papa_john,20137.69,647
6/11/2018,papa_john,282566.88,9619
6/12/2018,papa_john,67338.15,2399
6/13/2018,papa_john,60780.4,2219
6/14/2018,papa_john,67754.97,2433
6/15/2018,papa_john,103325.01,3596
6/16/2018,papa_john,20263.7,682
6/17/2018,papa_john,18449.01,620
6/18/2018,papa_john,272723.79,9257
6/19/2018,papa_john,67921.5,2507
6/20/2018,papa_john,62800.63,2258
6/21/2018,papa_john,67196.55,2427
6/22/2018,papa_john,92999.65,3299
6/23/2018,papa_john,23686.56,763
6/24/2018,papa_john,20139.51,650
6/25/2018,papa_john,262578.4,9101
6/26/2018,papa_john,67871.36,2541
6/27/2018,papa_john,66282.7,2396
6/28/2018,papa_john,69316.65,2530
6/29/2018,papa_john,103285.3,3623
6/30/2018,papa_john,18656.83,636
7/1/2018,papa_john,19128.12,636
7/2/2018,papa_john,282155.71,9807
7/3/2018,papa_john,72075.06,2614
7/4/2018,papa_john,14923.08,514
7/5/2018,papa_john,130205.8,4598
7/6/2018,papa_john,86315.13,3086
7/7/2018,papa_john,19323.31,655
7/8/2018,papa_john,17802.04,606
7/9/2018,papa_john,241304.64,8535
7/10/2018,papa_john,62302.3,2310
7/11/2018,papa_john,58672.79,2221
7/12/2018,papa_john,66345.34,2457
7/13/2018,papa_john,87817,3187
7/14/2018,papa_john,21016.84,709
7/15/2018,papa_john,15906.82,551
7/16/2018,papa_john,248943.36,8712
7/17/2018,papa_john,59662.07,2227
7/18/2018,papa_john,56053.69,2110
7/19/2018,papa_john,59283.42,2296
7/20/2018,papa_john,86252.27,3135
7/21/2018,papa_john,20773.28,705
7/22/2018,papa_john,15710.19,536
7/23/2018,papa_john,241399.83,8525
7/24/2018,papa_john,57745.94,2130
7/25/2018,papa_john,58129.05,2185
7/26/2018,papa_john,58511.21,2184
7/27/2018,papa_john,80877.22,2949
7/28/2018,papa_john,20594.35,736
7/29/2018,papa_john,18359.05,605
7/30/2018,papa_john,232880.75,8180
7/31/2018,papa_john,61206.67,2271
8/1/2018,papa_john,67620.47,2403
8/2/2018,papa_john,65895.06,2395
8/3/2018,papa_john,86205.02,3108
8/4/2018,papa_john,19478.78,636
8/5/2018,papa_john,16060.27,536
8/6/2018,papa_john,246420.48,8531
8/7/2018,papa_john,63567.16,2301
8/8/2018,papa_john,55497.58,2047
8/9/2018,papa_john,61314.62,2270
8/10/2018,papa_john,87125.09,3217
8/11/2018,papa_john,23252.77,780
8/12/2018,papa_john,19704.98,669
8/13/2018,papa_john,242367.03,8596
8/14/2018,papa_john,59009.24,2147
8/15/2018,papa_john,62630.81,2320
8/16/2018,papa_john,65237.7,2440
8/17/2018,papa_john,84029.92,3064
8/18/2018,papa_john,21142.65,699
8/19/2018,papa_john,16109.06,535
8/20/2018,papa_john,248283.22,8706
8/21/2018,papa_john,54699.91,2033
8/22/2018,papa_john,50069.7,1900
8/23/2018,papa_john,58564.11,2142
8/24/2018,papa_john,82593.11,2952
8/25/2018,papa_john,23591.22,728
8/26/2018,papa_john,18639.03,605
8/27/2018,papa_john,244169.03,8529
8/28/2018,papa_john,54133.43,2047
8/29/2018,papa_john,48653.6,1844
8/30/2018,papa_john,58687.28,2193
8/31/2018,papa_john,102369.27,3564
9/1/2018,papa_john,18480.66,623
9/2/2018,papa_john,17432.25,591
9/3/2018,papa_john,21785.08,762
9/4/2018,papa_john,345005.93,11822
9/5/2018,papa_john,58013.45,2146
9/6/2018,papa_john,54068.59,2071
9/7/2018,papa_john,84975.7,3096
9/8/2018,papa_john,25037.02,858
9/9/2018,papa_john,20440.42,691
9/10/2018,papa_john,290311.89,10341
9/11/2018,papa_john,53467.6,2056
9/12/2018,papa_john,49412.35,1868
9/13/2018,papa_john,57248.33,2110
9/14/2018,papa_john,89176.46,3182
9/15/2018,papa_john,20927.8,731
9/16/2018,papa_john,19913.48,712
9/17/2018,papa_john,281662.55,9929
9/18/2018,papa_john,54920.28,2048
9/19/2018,papa_john,49675.5,1840
9/20/2018,papa_john,55154.27,2068
9/21/2018,papa_john,87245.54,3168
9/22/2018,papa_john,26709.86,904
9/23/2018,papa_john,18978.34,638
9/24/2018,papa_john,271794.05,9649
9/25/2018,papa_john,55182.33,2061
9/26/2018,papa_john,46637.33,1762
9/27/2018,papa_john,56056.4,2066
9/28/2018,papa_john,89531.15,3195
9/29/2018,papa_john,23566.62,780
9/30/2018,papa_john,17409.3,645
10/1/2018,papa_john,294751.78,10268
10/2/2018,papa_john,53786.59,2015
10/3/2018,papa_john,50159.57,1917
10/4/2018,papa_john,56828.31,2195
10/5/2018,papa_john,88187.54,3242
10/6/2018,papa_john,21842.68,708
10/7/2018,papa_john,17217.17,587
10/8/2018,papa_john,18901.78,667
10/9/2018,papa_john,300272.53,10824
10/10/2018,papa_john,59023.45,2267
10/11/2018,papa_john,60359.31,2305
10/12/2018,papa_john,81881.46,3073
10/13/2018,papa_john,20807.61,713
10/14/2018,papa_john,17282.68,606
10/15/2018,papa_john,273643.25,9657
10/16/2018,papa_john,57041.92,2122
10/17/2018,papa_john,47190.01,1790
10/18/2018,papa_john,54385.37,2113
10/19/2018,papa_john,85490.49,3192
10/20/2018,papa_john,25523.84,812
10/21/2018,papa_john,17750.57,607
10/22/2018,papa_john,265117.08,9414
10/23/2018,papa_john,53924.08,2076
10/24/2018,papa_john,49526.39,1919
10/25/2018,papa_john,61762.39,2315
10/26/2018,papa_john,75096.65,2769
10/27/2018,papa_john,27277.16,871
10/28/2018,papa_john,22296.43,693
10/29/2018,papa_john,278951.29,9804
10/30/2018,papa_john,56142.39,2051
10/31/2018,papa_john,80819.72,2702
11/1/2018,papa_john,148896.37,4538
11/2/2018,papa_john,87231.51,3072
11/3/2018,papa_john,22621.91,747
11/4/2018,papa_john,16173.13,544
11/5/2018,papa_john,268008.13,9255
11/6/2018,papa_john,58159.03,2182
11/7/2018,papa_john,56329.15,2068
11/8/2018,papa_john,57443.49,2165
11/9/2018,papa_john,86546.04,3166
11/10/2018,papa_john,25408.49,826
11/11/2018,papa_john,18884.06,634
11/12/2018,papa_john,17186.69,617
11/13/2018,papa_john,313835.06,10946
11/14/2018,papa_john,59800.04,2243
11/15/2018,papa_john,67092.48,2504
11/16/2018,papa_john,92229.94,3343
11/17/2018,papa_john,22309.81,739
11/18/2018,papa_john,17940.03,592
11/19/2018,papa_john,271961.94,9536
11/20/2018,papa_john,65559.21,2428
11/21/2018,papa_john,70676.48,2608
11/22/2018,papa_john,4692.41,162
11/23/2018,papa_john,93235.89,3258
11/24/2018,papa_john,18848.87,642
11/25/2018,papa_john,16013.51,556
11/26/2018,papa_john,223794.34,8014
11/27/2018,papa_john,56265.63,2178
11/28/2018,papa_john,50242.49,1953
11/29/2018,papa_john,59145.75,2242
11/30/2018,papa_john,99153.78,3627
12/1/2018,papa_john,21674.6,776
12/2/2018,papa_john,16166.5,592
12/3/2018,papa_john,290644.71,10346
12/4/2018,papa_john,57392.02,2156
12/5/2018,papa_john,54227.59,2083
12/6/2018,papa_john,56432.72,2207
12/7/2018,papa_john,87329.41,3219
12/8/2018,papa_john,26383.67,890
12/9/2018,papa_john,18445.12,652
12/10/2018,papa_john,279327.81,9778
12/11/2018,papa_john,60836.83,2275
12/12/2018,papa_john,51318.25,2017
12/13/2018,papa_john,57519.04,2229
12/14/2018,papa_john,95872.71,3528
12/15/2018,papa_john,23788.17,805
12/16/2018,papa_john,18564.74,664
12/17/2018,papa_john,280153.29,9934
12/18/2018,papa_john,58682.34,2222
12/19/2018,papa_john,55146.48,2103
12/20/2018,papa_john,69385.98,2579
12/21/2018,papa_john,93541.55,3381
12/22/2018,papa_john,17641.26,600
12/23/2018,papa_john,16976.73,574
12/24/2018,papa_john,233492.85,8302
12/25/2018,papa_john,3333.7,116
12/26/2018,papa_john,63256.85,2214
12/27/2018,papa_john,73506.62,2660
12/28/2018,papa_john,83768.59,3054
12/29/2018,papa_john,19413.15,668
12/30/2018,papa_john,16724.26,606
12/31/2018,papa_john,273465.64,9716
1/1/2019,papa_john,14011.42,514
1/2/2019,papa_john,158476.24,5646
1/3/2019,papa_john,58932.86,2189
1/4/2019,papa_john,71918.16,2716
1/5/2019,papa_john,18216.17,647
1/6/2019,papa_john,13820.05,533
1/7/2019,papa_john,230140.13,8486
1/8/2019,papa_john,55323.87,2148
1/9/2019,papa_john,40053.12,1637
1/10/2019,papa_john,45797.98,1798
1/11/2019,papa_john,75806.49,2881
1/12/2019,papa_john,21399.91,760
1/13/2019,papa_john,15228.36,573
1/14/2019,papa_john,242389.14,8955
1/15/2019,papa_john,53762.17,2016
1/16/2019,papa_john,48496.51,1909
1/17/2019,papa_john,52660.49,2096
1/18/2019,papa_john,80490.98,3068
1/19/2019,papa_john,21638.16,739
1/20/2019,papa_john,18486.99,652
1/21/2019,papa_john,17758.13,679
1/22/2019,papa_john,292857.09,10766
1/23/2019,papa_john,51800.27,2032
1/24/2019,papa_john,48780.89,1950
1/25/2019,papa_john,75121.48,2850
1/26/2019,papa_john,21060.85,687
1/27/2019,papa_john,16284.89,550
1/28/2019,papa_john,243836.54,8790
1/29/2019,papa_john,48702.97,1833
1/30/2019,papa_john,50433.89,1908
1/31/2019,papa_john,57396.63,2159
2/1/2019,papa_john,93463.58,3397
2/2/2019,papa_john,20648.63,694
2/3/2019,papa_john,23092.09,761
2/4/2019,papa_john,308444.49,10365
2/5/2019,papa_john,52950.37,1942
2/6/2019,papa_john,44921.97,1721
2/7/2019,papa_john,53667.89,2032
2/8/2019,papa_john,82542.31,3075
2/9/2019,papa_john,22686.43,789
2/10/2019,papa_john,16702.16,608
2/11/2019,papa_john,278548.74,9906
2/12/2019,papa_john,53988.05,2024
2/13/2019,papa_john,50798.77,1927
2/14/2019,papa_john,79122.53,2952
2/15/2019,papa_john,155530.05,5474
2/16/2019,papa_john,19397.13,673
2/17/2019,papa_john,18445.11,617
2/18/2019,papa_john,17699,634
2/19/2019,papa_john,298303.92,10599
2/20/2019,papa_john,61436.29,2322
2/21/2019,papa_john,62198.3,2263
2/22/2019,papa_john,82442.51,3049
2/23/2019,papa_john,20213.02,688
2/24/2019,papa_john,15647.69,517
2/25/2019,papa_john,267224.96,9196
2/26/2019,papa_john,53808.17,2011
2/27/2019,papa_john,56266.63,2056
2/28/2019,papa_john,64546.57,2351
3/1/2019,papa_john,94267.26,3381
3/2/2019,papa_john,21393.45,695
3/3/2019,papa_john,15368.71,551
3/4/2019,papa_john,292911.85,9998
3/5/2019,papa_john,60724.92,2238
3/6/2019,papa_john,53574.63,2021
3/7/2019,papa_john,63233.88,2332
3/8/2019,papa_john,91122.96,3324
3/9/2019,papa_john,21887.64,715
3/10/2019,papa_john,16739.65,547
3/11/2019,papa_john,277507.68,9593
3/12/2019,papa_john,57441.51,2143
3/13/2019,papa_john,55304.84,2050
3/14/2019,papa_john,64923.04,2441
3/15/2019,papa_john,110245.49,3947
3/16/2019,papa_john,19907.19,670
3/17/2019,papa_john,15980.56,552
3/18/2019,papa_john,273361.31,9463
3/19/2019,papa_john,56640.36,2037
3/20/2019,papa_john,50917.7,1905
3/21/2019,papa_john,59099.93,2180
3/22/2019,papa_john,85163.03,3089
3/23/2019,papa_john,23805.23,788
3/24/2019,papa_john,17020.38,584
3/25/2019,papa_john,266436.93,9286
3/26/2019,papa_john,54009.99,1998
3/27/2019,papa_john,50781.05,1863
3/28/2019,papa_john,59419.28,2235
3/29/2019,papa_john,94184.53,3393
3/30/2019,papa_john,22279.92,719
3/31/2019,papa_john,18271.68,632
4/1/2019,papa_john,288211.28,10007
4/2/2019,papa_john,53672.88,2016
4/3/2019,papa_john,54204.22,2037
4/4/2019,papa_john,57630.67,2195
4/5/2019,papa_john,87671.32,3252
4/6/2019,papa_john,24690.15,781
4/7/2019,papa_john,16625.46,564
4/8/2019,papa_john,269760.62,9523
4/9/2019,papa_john,56713.67,2145
4/10/2019,papa_john,50848.63,1929
4/11/2019,papa_john,60740.96,2277
4/12/2019,papa_john,81705.84,3024
4/13/2019,papa_john,23822.67,824
4/14/2019,papa_john,19031.92,653
4/15/2019,papa_john,287578.03,10225
4/16/2019,papa_john,58926.17,2194
4/17/2019,papa_john,49611.65,1871
4/18/2019,papa_john,63386.8,2322
4/19/2019,papa_john,99005.63,3506
4/20/2019,papa_john,19472.57,648
4/21/2019,papa_john,13691.74,479
4/22/2019,papa_john,237157.31,8364
4/23/2019,papa_john,56520.65,2104
4/24/2019,papa_john,52951.13,2030
4/25/2019,papa_john,62501.63,2315
4/26/2019,papa_john,86626.87,3163
4/27/2019,papa_john,23936.65,795
4/28/2019,papa_john,17276.96,609
4/29/2019,papa_john,257383.12,9106
4/30/2019,papa_john,56124.64,2102
5/1/2019,papa_john,57888.99,2114
5/2/2019,papa_john,60349.61,2276
5/3/2019,papa_john,92016,3250
5/4/2019,papa_john,25165.27,832
5/5/2019,papa_john,15957.26,551
5/6/2019,papa_john,276529.99,9526
5/7/2019,papa_john,59842.18,2177
5/8/2019,papa_john,54895.93,2056
5/9/2019,papa_john,59462.29,2222
5/10/2019,papa_john,87026.44,3224
5/11/2019,papa_john,26743.09,868
5/12/2019,papa_john,19254.38,630
5/13/2019,papa_john,264480.6,9141
5/14/2019,papa_john,56606.57,2099
5/15/2019,papa_john,57333.68,2075
5/16/2019,papa_john,61179.14,2226
5/17/2019,papa_john,85358.77,3064
5/18/2019,papa_john,25605.28,816
5/19/2019,papa_john,18116,621
5/20/2019,papa_john,272222.62,9402
5/21/2019,papa_john,58482.66,2151
5/22/2019,papa_john,54329.94,2001
5/23/2019,papa_john,63564.1,2305
5/24/2019,papa_john,92489.27,3236
5/25/2019,papa_john,23427.09,718
5/26/2019,papa_john,17812.16,577
5/27/2019,papa_john,21911.21,744
5/28/2019,papa_john,291669.92,9921
5/29/2019,papa_john,61574.72,2247
5/30/2019,papa_john,63497.03,2341
5/31/2019,papa_john,97198.41,3439
6/1/2019,papa_john,20062.16,641
6/2/2019,papa_john,16731.45,567
6/3/2019,papa_john,274806.15,9270
6/4/2019,papa_john,61903.42,2249
6/5/2019,papa_john,57003.73,2079
6/6/2019,papa_john,65340.6,2348
6/7/2019,papa_john,93415.31,3281
6/8/2019,papa_john,21748.09,698
6/9/2019,papa_john,17178.35,572
6/10/2019,papa_john,250757.82,8687
6/11/2019,papa_john,63768.4,2290
6/12/2019,papa_john,54653.5,1997
6/13/2019,papa_john,68125.13,2427
6/14/2019,papa_john,94014.45,3258
6/15/2019,papa_john,20639.34,682
6/16/2019,papa_john,15641.29,535
6/17/2019,papa_john,247326.27,8424
6/18/2019,papa_john,64470.05,2316
6/19/2019,papa_john,56238.35,2039
6/20/2019,papa_john,65372.13,2335
6/21/2019,papa_john,85534.98,3043
6/22/2019,papa_john,23733.97,771
6/23/2019,papa_john,18046.95,592
6/24/2019,papa_john,239770.41,8322
6/25/2019,papa_john,61012.3,2191
6/26/2019,papa_john,55958.85,2074
6/27/2019,papa_john,59614.1,2241
6/28/2019,papa_john,91550.75,3248
6/29/2019,papa_john,19988.11,674
6/30/2019,papa_john,19091.09,638
7/1/2019,papa_john,270632.13,9108
7/2/2019,papa_john,67033.15,2410
7/3/2019,papa_john,63375.54,2290
7/4/2019,papa_john,15334.41,508
7/5/2019,papa_john,136288.25,4729
7/6/2019,papa_john,19156.84,574
7/7/2019,papa_john,15415.38,556
7/8/2019,papa_john,222000.06,7736
7/9/2019,papa_john,62405.84,2291
7/10/2019,papa_john,54907.82,2056
7/11/2019,papa_john,58067.81,2162
7/12/2019,papa_john,86390.19,3117
7/13/2019,papa_john,20664.17,699
7/14/2019,papa_john,17420.99,576
7/15/2019,papa_john,251461.01,8705
7/16/2019,papa_john,57516.02,2098
7/17/2019,papa_john,51956.99,1951
7/18/2019,papa_john,63658.65,2291
7/19/2019,papa_john,78510.77,2855
7/20/2019,papa_john,23532.06,774
7/21/2019,papa_john,17205.66,576
7/22/2019,papa_john,227626.96,8030
7/23/2019,papa_john,56843.22,2163
7/24/2019,papa_john,55071.84,2052
7/25/2019,papa_john,60176.33,2266
7/26/2019,papa_john,79693.84,2911
7/27/2019,papa_john,24498.17,783
7/28/2019,papa_john,17273.07,577
7/29/2019,papa_john,233771.41,8152
7/30/2019,papa_john,60523.38,2208
7/31/2019,papa_john,56926.67,2130
8/1/2019,papa_john,74798.84,2724
8/2/2019,papa_john,93311.12,3349
8/3/2019,papa_john,22137.6,759
8/4/2019,papa_john,18865.81,647
8/5/2019,papa_john,258196.17,9025
8/6/2019,papa_john,65958.22,2369
8/7/2019,papa_john,53247.63,2005
8/8/2019,papa_john,65995.78,2401
8/9/2019,papa_john,83321.31,3068
8/10/2019,papa_john,21109.43,710
8/11/2019,papa_john,17501.26,557
8/12/2019,papa_john,228585.43,8084
8/13/2019,papa_john,57434.52,2126
8/14/2019,papa_john,56475.49,2100
8/15/2019,papa_john,64261.01,2360
8/16/2019,papa_john,75100.71,2834
8/17/2019,papa_john,22832.55,735
8/18/2019,papa_john,17231.02,617
8/19/2019,papa_john,266658.09,9240
8/20/2019,papa_john,58804.73,2194
8/21/2019,papa_john,50082.69,1930
8/22/2019,papa_john,58108.66,2165
8/23/2019,papa_john,83224.21,3036
8/24/2019,papa_john,26197.29,840
8/25/2019,papa_john,17749.38,618
8/26/2019,papa_john,243997.01,8559
8/27/2019,papa_john,48236.11,1811
8/28/2019,papa_john,43744.53,1710
8/29/2019,papa_john,62315.38,2304
8/30/2019,papa_john,96409.69,3457
8/31/2019,papa_john,18515.22,603
9/1/2019,papa_john,19457.88,655
9/2/2019,papa_john,21099.34,688
9/3/2019,papa_john,323793.62,11109
9/4/2019,papa_john,55793.29,2025
9/5/2019,papa_john,52388.23,1949
9/6/2019,papa_john,85522.91,3098
9/7/2019,papa_john,27687.35,929
9/8/2019,papa_john,17976.45,617
9/9/2019,papa_john,257975.57,9022
9/10/2019,papa_john,52061.78,1939
9/11/2019,papa_john,47004.58,1773
9/12/2019,papa_john,56013.28,2076
9/13/2019,papa_john,91181.06,3262
9/14/2019,papa_john,24798.55,803
9/15/2019,papa_john,21630.73,687
9/16/2019,papa_john,285538.5,9817
9/17/2019,papa_john,51664.73,1918
9/18/2019,papa_john,46519.13,1779
9/19/2019,papa_john,54804.36,2026
9/20/2019,papa_john,85377.1,3115
9/21/2019,papa_john,24493.21,811
9/22/2019,papa_john,19005,650
9/23/2019,papa_john,268948.57,9362
9/24/2019,papa_john,51205.67,1882
9/25/2019,papa_john,47551.29,1725
9/26/2019,papa_john,55076.7,2028
9/27/2019,papa_john,83530.73,3045
9/28/2019,papa_john,24834.52,818
9/29/2019,papa_john,21569.17,735
9/30/2019,papa_john,269691.64,9335
10/1/2019,papa_john,62475.43,2208
10/2/2019,papa_john,57350.61,2087
10/3/2019,papa_john,62954.43,2299
10/4/2019,papa_john,89074.08,3262
10/5/2019,papa_john,22777.26,768
10/6/2019,papa_john,20318.57,725
10/7/2019,papa_john,274836.37,9529
10/8/2019,papa_john,53140.85,1937
10/9/2019,papa_john,52454.97,1951
10/10/2019,papa_john,57526.65,2121
10/11/2019,papa_john,86078.59,3107
10/12/2019,papa_john,20450.23,711
10/13/2019,papa_john,20605.87,681
10/14/2019,papa_john,16490.6,572
10/15/2019,papa_john,313315.77,10700
10/16/2019,papa_john,61497.28,2251
10/17/2019,papa_john,58017.79,2138
10/18/2019,papa_john,87517.35,3171
10/19/2019,papa_john,25359.25,792
10/20/2019,papa_john,19193.88,642
10/21/2019,papa_john,262489.75,9001
10/22/2019,papa_john,54115.58,2020
10/23/2019,papa_john,47551.25,1801
10/24/2019,papa_john,61964.72,2203
10/25/2019,papa_john,89365.2,3190
10/26/2019,papa_john,25855.05,823
10/27/2019,papa_john,21619.3,669
10/28/2019,papa_john,254412.55,8691
10/29/2019,papa_john,51749.85,1896
10/30/2019,papa_john,49667.31,1840
10/31/2019,papa_john,96826.76,3240
11/1/2019,papa_john,192361.46,5916
11/2/2019,papa_john,20150.46,657
11/3/2019,papa_john,16980.2,567
11/4/2019,papa_john,257530.81,8775
11/5/2019,papa_john,54679.34,1998
11/6/2019,papa_john,48980.78,1831
11/7/2019,papa_john,53867.07,2003
11/8/2019,papa_john,89714.62,3197
11/9/2019,papa_john,24950.13,839
11/10/2019,papa_john,18222.28,610
11/11/2019,papa_john,19705.47,659
11/12/2019,papa_john,308420.14,10703
11/13/2019,papa_john,60149.83,2193
11/14/2019,papa_john,55066.39,2058
11/15/2019,papa_john,94187.63,3367
11/16/2019,papa_john,25060.04,832
11/17/2019,papa_john,18383.94,610
11/18/2019,papa_john,288930.14,9702
11/19/2019,papa_john,56948.89,2079
11/20/2019,papa_john,49580.89,1846
11/21/2019,papa_john,60648.32,2224
11/22/2019,papa_john,93500.37,3350
11/23/2019,papa_john,24843.24,805
11/24/2019,papa_john,20283.23,690
11/25/2019,papa_john,270720.46,9322
11/26/2019,papa_john,66210.45,2349
11/27/2019,papa_john,74644.23,2631
11/28/2019,papa_john,5748.01,187
11/29/2019,papa_john,112809.6,3671
11/30/2019,papa_john,21146.79,685
12/1/2019,papa_john,20395.19,690
12/2/2019,papa_john,252314.39,8570
12/3/2019,papa_john,59124.71,2185
12/4/2019,papa_john,53015.08,1915
12/5/2019,papa_john,62653.53,2274
12/6/2019,papa_john,90771.34,3262
12/7/2019,papa_john,26243.85,881
12/8/2019,papa_john,20251.33,677
12/9/2019,papa_john,280921.42,9594
12/10/2019,papa_john,56532.4,2084
12/11/2019,papa_john,53446.66,1983
12/12/2019,papa_john,62819.41,2260
12/13/2019,papa_john,95486.53,3380
12/14/2019,papa_john,24499.19,806
12/15/2019,papa_john,21671.39,691
12/16/2019,papa_john,296186.37,9906
12/17/2019,papa_john,60322.29,2134
12/18/2019,papa_john,56317.66,2008
12/19/2019,papa_john,65128.97,2265
12/20/2019,papa_john,103431.4,3388
12/21/2019,papa_john,23159.13,704
12/22/2019,papa_john,19817.08,629
12/23/2019,papa_john,263923.57,8738
12/24/2019,papa_john,79997.36,2648
12/25/2019,papa_john,4262.63,131
12/26/2019,papa_john,64417.39,2051
12/27/2019,papa_john,80846.74,2695
12/28/2019,papa_john,22053.16,693
12/29/2019,papa_john,19049.96,610
12/30/2019,papa_john,232733.81,7764
12/31/2019,papa_john,94007.71,3118
1/1/2020,papa_john,17702.27,567
1/2/2020,papa_john,175090.31,5593
1/3/2020,papa_john,81826.62,2775
1/4/2020,papa_john,19902.26,663
1/5/2020,papa_john,15760.45,537
1/6/2020,papa_john,234103.27,7870
1/7/2020,papa_john,48344.73,1737
1/8/2020,papa_john,45986.27,1662
1/9/2020,papa_john,53440.81,1931
1/10/2020,papa_john,79750.76,2801
1/11/2020,papa_john,26358.68,816
1/12/2020,papa_john,18485.84,616
1/13/2020,papa_john,264357.67,8866
1/14/2020,papa_john,58073.77,2061
1/15/2020,papa_john,49610.28,1786
1/16/2020,papa_john,56353.59,2011
1/17/2020,papa_john,81271.36,2877
1/18/2020,papa_john,22093.39,705
1/19/2020,papa_john,20861.13,647
1/20/2020,papa_john,20668.94,712
1/21/2020,papa_john,307059.63,10280
1/22/2020,papa_john,52165.27,1899
1/23/2020,papa_john,52501.03,1856
1/24/2020,papa_john,80720.51,2843
1/25/2020,papa_john,21068.37,672
1/26/2020,papa_john,15862.76,511
1/27/2020,papa_john,248468.11,8322
1/28/2020,papa_john,47978.61,1732
1/29/2020,papa_john,44161.82,1621
1/30/2020,papa_john,54007.68,1936
1/31/2020,papa_john,94536.29,3185
2/1/2020,papa_john,19370.49,627
2/2/2020,papa_john,27308.88,815
2/3/2020,papa_john,320863.38,10288
2/4/2020,papa_john,51625.93,1813
2/5/2020,papa_john,45732.12,1697
2/6/2020,papa_john,58505.34,2049
2/7/2020,papa_john,91216.55,3207
2/8/2020,papa_john,24117.24,749
2/9/2020,papa_john,19989.45,650
2/10/2020,papa_john,284358.79,9435
2/11/2020,papa_john,53415.67,1903
2/12/2020,papa_john,52071.99,1857
2/13/2020,papa_john,65263.87,2282
2/14/2020,papa_john,116763.24,3928
2/15/2020,papa_john,22256.17,716
2/16/2020,papa_john,20340.04,628
2/17/2020,papa_john,18521.29,625
2/18/2020,papa_john,378742.21,12401
2/19/2020,papa_john,62999.15,2239
2/20/2020,papa_john,57477.77,2045
2/21/2020,papa_john,92244.86,3117
2/22/2020,papa_john,24092.12,759
2/23/2020,papa_john,17601.74,583
2/24/2020,papa_john,275353.57,9093
2/25/2020,papa_john,55851.28,2013
2/26/2020,papa_john,58609.61,2068
2/27/2020,papa_john,63803.33,2231
2/28/2020,papa_john,101711.34,3453
2/29/2020,papa_john,25510.25,759
3/1/2020,papa_john,17866.15,557
3/2/2020,papa_john,300974.58,9645
3/3/2020,papa_john,61256.38,2104
3/4/2020,papa_john,54230.8,1935
3/5/2020,papa_john,61035.57,2125
3/6/2020,papa_john,90697.47,3087
3/7/2020,papa_john,22750.02,685
3/8/2020,papa_john,17592.01,552
3/9/2020,papa_john,285206.29,9133
3/10/2020,papa_john,60942.32,2154
3/11/2020,papa_john,55881.58,1935
3/12/2020,papa_john,64892.21,2226
3/13/2020,papa_john,94300.65,3037
3/14/2020,papa_john,24949.43,717
